timestamp,onboard_control_sensors_present,onboard_control_sensors_enabled,onboard_control_sensors_health,arspd_check_level,load_factor_ratio,nav_state,arming_state,hil_state,failsafe,system_type,system_id,component_id,is_rotary_wing,is_vtol,vtol_fw_permanent_stab,in_transition_mode,in_transition_to_fw,rc_signal_lost,rc_input_mode,data_link_lost,data_link_lost_counter,high_latency_data_link_lost,engine_failure,mission_failure,failure_detector_status,aspd_check_failing,aspd_fault_declared,aspd_use_inhibit,aspd_fail_rtl
2996117,983103,2162719,983103,0.0,0.0,15,1,0,0,21,1,1,1,1,0,1,1,0,0,0,0,0,0,0,0,0,0,0,0
3473212,983103,2162719,983103,0.0,0.0,15,1,0,0,21,1,1,0,1,0,0,0,0,0,0,0,0,0,0,0,0,0,0,0
4474462,983103,2162719,983103,0.0,0.0,15,1,0,0,21,1,1,0,1,0,0,0,0,0,0,0,0,0,0,0,0,0,0,0
5479227,983103,2162719,983103,0.0,0.0,15,1,0,0,21,1,1,0,1,0,0,0,0,0,0,0,0,0,0,0,0,0,0,0
6481404,983103,2162719,983103,0.0,0.0,15,1,0,0,21,1,1,0,1,0,0,0,0,0,0,0,0,0,0,0,0,0,0,0
7489121,983103,2162719,983103,0.0,0.0,15,1,0,0,21,1,1,0,1,0,0,0,0,0,0,0,0,0,0,0,0,0,0,0
8413543,983103,2162719,983103,0.0,0.0,15,1,0,0,21,1,1,0,1,0,0,0,0,0,0,0,0,0,0,0,0,0,0,0
9414406,983103,2162719,983103,0.0,0.0,15,1,0,0,21,1,1,0,1,0,0,0,0,0,0,0,0,0,0,0,0,0,0,0
10424125,983103,2162719,983103,0.0,0.0,15,1,0,0,21,1,1,0,1,0,0,0,0,0,0,0,0,0,0,0,0,0,0,0
11430001,983103,2162719,983103,0.0,0.0,15,1,0,0,21,1,1,0,1,0,0,0,0,0,0,0,0,0,0,0,0,0,0,0
12435159,983103,2162719,983103,0.0,0.0,15,1,0,0,21,1,1,0,1,0,0,0,0,0,0,0,0,0,0,0,0,0,0,0
13443444,983103,2162719,983103,0.0,0.0,15,1,0,0,21,1,1,0,1,0,0,0,0,0,0,0,0,0,0,0,0,0,0,0
14453695,983103,2162719,983103,0.0,0.0,15,1,0,0,21,1,1,0,1,0,0,0,0,0,0,0,0,0,0,0,0,0,0,0
16464117,983103,2162719,983103,0.0,0.0,15,1,0,0,21,1,1,0,1,0,0,0,0,0,0,0,0,0,0,0,0,0,0,0
17473923,983103,2162719,983103,0.0,0.0,15,1,0,0,21,1,1,0,1,0,0,0,0,0,0,0,0,0,0,0,0,0,0,0
18483589,983103,2162719,983103,0.0,0.0,15,1,0,0,21,1,1,0,1,0,0,0,0,0,0,0,0,0,0,0,0,0,0,0
19485386,983103,2162719,983103,0.0,0.0,15,1,0,0,21,1,1,0,1,0,0,0,0,0,0,0,0,0,0,0,0,0,0,0
20498211,983103,2162719,983103,0.0,0.0,15,1,0,0,21,1,1,0,1,0,0,0,0,0,0,0,0,0,0,0,0,0,0,0
21499946,983103,2162719,983103,0.0,0.0,15,1,0,0,21,1,1,0,1,0,0,0,0,0,0,0,0,0,0,0,0,0,0,0
22506160,983103,2162719,983103,0.0,0.0,15,1,0,0,21,1,1,0,1,0,0,0,0,0,0,0,0,0,0,0,0,0,0,0
23513125,983103,2162719,983103,0.0,0.0,15,1,0,0,21,1,1,0,1,0,0,0,0,0,0,0,0,0,0,0,0,0,0,0
24515471,983103,2162719,983103,0.0,0.0,15,1,0,0,21,1,1,0,1,0,0,0,0,0,0,0,0,0,0,0,0,0,0,0
25516042,983103,2162719,983103,0.0,0.0,15,1,0,0,21,1,1,0,1,0,0,0,0,0,0,0,0,0,0,0,0,0,0,0
26522032,983103,2162719,983103,0.0,0.0,15,1,0,0,21,1,1,0,1,0,0,0,0,0,0,0,0,0,0,0,0,0,0,0
28539342,983103,2162719,983103,0.0,0.0,15,1,0,0,21,1,1,0,1,0,0,0,0,0,0,0,0,0,0,0,0,0,0,0
29541091,983103,2162719,983103,0.0,0.0,15,1,0,0,21,1,1,0,1,0,0,0,0,0,0,0,0,0,0,0,0,0,0,0
31551904,983103,2162719,983103,0.0,0.0,15,1,0,0,21,1,1,0,1,0,0,0,0,0,0,0,0,0,0,0,0,0,0,0
32556386,983103,2162719,983103,0.0,0.0,15,1,0,0,21,1,1,0,1,0,0,0,0,0,0,0,0,0,0,0,0,0,0,0
33560138,983103,2162719,983103,0.0,0.0,15,1,0,0,21,1,1,0,1,0,0,0,0,0,0,0,0,0,0,0,0,0,0,0
34569194,983103,2162719,983103,0.0,0.0,15,1,0,0,21,1,1,0,1,0,0,0,0,0,0,0,0,0,0,0,0,0,0,0
35576792,983103,2162719,983103,0.0,0.0,15,1,0,0,21,1,1,0,1,0,0,0,0,0,0,0,0,0,0,0,0,0,0,0
36586596,983103,2162719,983103,0.0,0.0,15,1,0,0,21,1,1,0,1,0,0,0,0,0,0,0,0,0,0,0,0,0,0,0
37593117,983103,2162719,983103,0.0,0.0,15,1,0,0,21,1,1,0,1,0,0,0,0,0,0,0,0,0,0,0,0,0,0,0
38600451,983103,2162719,983103,0.0,0.0,15,1,0,0,21,1,1,0,1,0,0,0,0,0,0,0,0,0,0,0,0,0,0,0
39607121,983103,2162719,983103,0.0,0.0,15,1,0,0,21,1,1,0,1,0,0,0,0,0,0,0,0,0,0,0,0,0,0,0
40613088,983103,2162719,983103,0.0,0.0,15,1,0,0,21,1,1,0,1,0,0,0,0,0,0,0,0,0,0,0,0,0,0,0
41617875,983103,2162719,983103,0.0,0.0,15,1,0,0,21,1,1,0,1,0,0,0,0,0,0,0,0,0,0,0,0,0,0,0
42618521,983103,2162719,983103,0.0,0.0,15,1,0,0,21,1,1,0,1,0,0,0,0,0,0,0,0,0,0,0,0,0,0,0
43620098,983103,2162719,983103,0.0,0.0,15,1,0,0,21,1,1,0,1,0,0,0,0,0,0,0,0,0,0,0,0,0,0,0
44620430,983103,2162719,983103,0.0,0.0,15,1,0,0,21,1,1,0,1,0,0,0,0,0,0,0,0,0,0,0,0,0,0,0
45621922,983103,2162719,983103,0.0,0.0,15,1,0,0,21,1,1,0,1,0,0,0,0,0,0,0,0,0,0,0,0,0,0,0
46630161,983103,2162719,983103,0.0,0.0,15,1,0,0,21,1,1,0,1,0,0,0,0,0,0,0,0,0,0,0,0,0,0,0
47637203,983103,2162719,983103,0.0,0.0,15,1,0,0,21,1,1,0,1,0,0,0,0,0,0,0,0,0,0,0,0,0,0,0
48638196,983103,2162719,983103,0.0,0.0,15,1,0,0,21,1,1,0,1,0,0,0,0,0,0,0,0,0,0,0,0,0,0,0
49639503,983103,2162719,983103,0.0,0.0,15,1,0,0,21,1,1,0,1,0,0,0,0,0,0,0,0,0,0,0,0,0,0,0
50648757,983103,2162719,983103,0.0,0.0,15,1,0,0,21,1,1,0,1,0,0,0,0,0,0,0,0,0,0,0,0,0,0,0
51650855,983103,2162719,983103,0.0,0.0,15,1,0,0,21,1,1,0,1,0,0,0,0,0,0,0,0,0,0,0,0,0,0,0
52652125,983103,2162719,983103,0.0,0.0,15,1,0,0,21,1,1,0,1,0,0,0,0,0,0,0,0,0,0,0,0,0,0,0
53657825,983103,2162719,983103,0.0,0.0,15,1,0,0,21,1,1,0,1,0,0,0,0,0,0,0,0,0,0,0,0,0,0,0
54663038,983103,2162719,983103,0.0,0.0,15,1,0,0,21,1,1,0,1,0,0,0,0,0,0,0,0,0,0,0,0,0,0,0
55673100,983103,2162719,983103,0.0,0.0,15,1,0,0,21,1,1,0,1,0,0,0,0,0,0,0,0,0,0,0,0,0,0,0
56681169,983103,2162719,983103,0.0,0.0,15,1,0,0,21,1,1,0,1,0,0,0,0,0,0,0,0,0,0,0,0,0,0,0
57685491,983103,2162719,983103,0.0,0.0,15,1,0,0,21,1,1,0,1,0,0,0,0,0,0,0,0,0,0,0,0,0,0,0
58696674,983103,2162719,983103,0.0,0.0,15,1,0,0,21,1,1,0,1,0,0,0,0,0,0,0,0,0,0,0,0,0,0,0
59705028,983103,2162719,983103,0.0,0.0,15,1,0,0,21,1,1,0,1,0,0,0,0,0,0,0,0,0,0,0,0,0,0,0
60135194,983103,2162719,983103,0.0,0.0,15,1,0,0,21,1,1,1,1,0,1,0,0,0,0,0,0,0,0,0,0,0,0,0
61140314,983103,2162719,983103,0.0,0.0,15,1,0,0,21,1,1,1,1,0,1,0,0,0,0,0,0,0,0,0,0,0,0,0
62141602,983103,2162719,983103,0.0,0.0,15,1,0,0,21,1,1,1,1,0,1,0,0,0,0,0,0,0,0,0,0,0,0,0
63144345,983103,2162719,983103,0.0,0.0,15,1,0,0,21,1,1,1,1,0,1,0,0,0,0,0,0,0,0,0,0,0,0,0
64144226,983103,2162719,983103,0.0,0.0,15,1,0,0,21,1,1,1,1,0,0,0,0,0,0,0,0,0,0,0,0,0,0,0
66157165,983103,2162719,983103,0.0,0.0,15,1,0,0,21,1,1,1,1,0,0,0,0,0,0,0,0,0,0,0,0,0,0,0
67167799,983103,2162719,983103,0.0,0.0,15,1,0,0,21,1,1,1,1,0,0,0,0,0,0,0,0,0,0,0,0,0,0,0
68169921,983103,2162719,983103,0.0,0.0,15,1,0,0,21,1,1,1,1,0,0,0,0,0,0,0,0,0,0,0,0,0,0,0
69179288,983103,2162719,983103,0.0,0.0,15,1,0,0,21,1,1,1,1,0,0,0,0,0,0,0,0,0,0,0,0,0,0,0
70180426,983103,2162719,983103,0.0,0.0,15,1,0,0,21,1,1,1,1,0,0,0,0,0,0,0,0,0,0,0,0,0,0,0
71189369,983103,2162719,983103,0.0,0.0,15,1,0,0,21,1,1,1,1,0,0,0,0,0,0,0,0,0,0,0,0,0,0,0
72194333,983103,2162719,983103,0.0,0.0,15,1,0,0,21,1,1,1,1,0,0,0,0,0,0,0,0,0,0,0,0,0,0,0
73204025,983103,2162719,983103,0.0,0.0,15,1,0,0,21,1,1,1,1,0,0,0,0,0,0,0,0,0,0,0,0,0,0,0
74208267,983103,2162719,983103,0.0,0.0,15,1,0,0,21,1,1,1,1,0,0,0,0,0,0,0,0,0,0,0,0,0,0,0
75210441,983103,2162719,983103,0.0,0.0,15,1,0,0,21,1,1,1,1,0,0,0,0,0,0,0,0,0,0,0,0,0,0,0
75984427,983103,2162719,983103,0.0,0.0,15,1,0,0,21,1,1,1,1,0,0,0,0,0,1,1,0,0,0,0,0,0,0,0
76989159,983103,2162719,983103,0.0,0.0,15,1,0,0,21,1,1,1,1,0,0,0,0,0,1,1,0,0,0,0,0,0,0,0
77995322,983103,2162719,983103,0.0,0.0,15,1,0,0,21,1,1,1,1,0,0,0,0,0,1,1,0,0,0,0,0,0,0,0
79004092,983103,2162719,983103,0.0,0.0,15,1,0,0,21,1,1,1,1,0,0,0,0,0,1,1,0,0,0,0,0,0,0,0
80005089,983103,2162719,983103,0.0,0.0,15,1,0,0,21,1,1,1,1,0,0,0,0,0,1,1,0,0,0,0,0,0,0,0
81013897,983103,2162719,983103,0.0,0.0,15,1,0,0,21,1,1,1,1,0,0,0,0,0,1,1,0,0,0,0,0,0,0,0
82019533,983103,2162719,983103,0.0,0.0,15,1,0,0,21,1,1,1,1,0,0,0,0,0,1,1,0,0,0,0,0,0,0,0
84028238,983103,2162719,983103,0.0,0.0,15,1,0,0,21,1,1,1,1,0,0,0,0,0,1,1,0,0,0,0,0,0,0,0
85029132,983103,2162719,983103,0.0,0.0,15,1,0,0,21,1,1,1,1,0,0,0,0,0,1,1,0,0,0,0,0,0,0,0
86032587,983103,2162719,983103,0.0,0.0,15,1,0,0,21,1,1,1,1,0,0,0,0,0,1,1,0,0,0,0,0,0,0,0
87043420,983103,2162719,983103,0.0,0.0,15,1,0,0,21,1,1,1,1,0,0,0,0,0,1,1,0,0,0,0,0,0,0,0
88052270,983103,2162719,983103,0.0,0.0,15,1,0,0,21,1,1,1,1,0,0,0,0,0,1,1,0,0,0,0,0,0,0,0
89056802,983103,2162719,983103,0.0,0.0,15,1,0,0,21,1,1,1,1,0,0,0,0,0,1,1,0,0,0,0,0,0,0,0
90030331,983103,2162719,983103,0.0,0.0,15,1,0,0,21,1,1,1,1,0,0,0,0,0,0,1,0,0,0,0,0,0,0,0
91037087,983103,2162719,983103,0.0,0.0,15,1,0,0,21,1,1,1,1,0,0,0,0,0,0,1,0,0,0,0,0,0,0,0
92044089,983103,2162719,983103,0.0,0.0,15,1,0,0,21,1,1,1,1,0,0,0,0,0,0,1,0,0,0,0,0,0,0,0
93050219,983103,2162719,983103,0.0,0.0,15,1,0,0,21,1,1,1,1,0,0,0,0,0,0,1,0,0,0,0,0,0,0,0
94056362,983103,2162719,983103,0.0,0.0,15,1,0,0,21,1,1,1,1,0,0,0,0,0,0,1,0,0,0,0,0,0,0,0
95060574,983103,2162719,983103,0.0,0.0,15,1,0,0,21,1,1,1,1,0,0,0,0,0,0,1,0,0,0,0,0,0,0,0
96067627,983103,2162719,983103,0.0,0.0,15,1,0,0,21,1,1,1,1,0,0,0,0,0,0,1,0,0,0,0,0,0,0,0
98076463,983103,2162719,983103,0.0,0.0,15,1,0,0,21,1,1,1,1,0,0,0,0,0,0,1,0,0,0,0,0,0,0,0
99085547,983103,2162719,983103,0.0,0.0,15,1,0,0,21,1,1,1,1,0,0,0,0,0,0,1,0,0,0,0,0,0,0,0
100090591,983103,2162719,983103,0.0,0.0,15,1,0,0,21,1,1,1,1,0,0,0,0,0,0,1,0,0,0,0,0,0,0,0
101095175,983103,2162719,983103,0.0,0.0,15,1,0,0,21,1,1,1,1,0,0,0,0,0,0,1,0,0,0,0,0,0,0,0
102104390,983103,2162719,983103,0.0,0.0,15,1,0,0,21,1,1,1,1,0,0,0,0,0,0,1,0,0,0,0,0,0,0,0
103109130,983103,2162719,983103,0.0,0.0,15,1,0,0,21,1,1,1,1,0,0,0,0,0,0,1,0,0,0,0,0,0,0,0
105113602,983103,2162719,983103,0.0,0.0,15,1,0,0,21,1,1,1,1,0,0,0,0,0,0,1,0,0,0,0,0,0,0,0
106121785,983103,2162719,983103,0.0,0.0,15,1,0,0,21,1,1,1,1,0,0,0,0,0,0,1,0,0,0,0,0,0,0,0
107126631,983103,2162719,983103,0.0,0.0,15,1,0,0,21,1,1,1,1,0,0,0,0,0,0,1,0,0,0,0,0,0,0,0
108134172,983103,2162719,983103,0.0,0.0,15,1,0,0,21,1,1,1,1,0,0,0,0,0,0,1,0,0,0,0,0,0,0,0
108482398,983103,2162719,983103,0.0,0.0,15,1,0,0,21,1,1,1,1,0,1,1,0,0,0,1,0,0,0,0,0,0,0,0
108993971,983103,2162719,983103,0.0,0.0,15,1,0,0,21,1,1,0,1,0,0,0,0,0,0,1,0,0,0,0,0,0,0,0
110003207,983103,2162719,983103,0.0,0.0,15,1,0,0,21,1,1,0,1,0,0,0,0,0,0,1,0,0,0,0,0,0,0,0
111006156,983103,2162719,983103,0.0,0.0,15,1,0,0,21,1,1,0,1,0,0,0,0,0,0,1,0,0,0,0,0,0,0,0
111040211,983103,2162719,983103,0.0,0.0,15,1,0,0,21,1,1,1,1,0,1,0,0,0,0,1,0,0,0,0,0,0,0,0
112044841,983103,2162719,983103,0.0,0.0,15,1,0,0,21,1,1,1,1,0,1,0,0,0,0,1,0,0,0,0,0,0,0,0
113046418,983103,2162719,983103,0.0,0.0,15,1,0,0,21,1,1,1,1,0,1,0,0,0,0,1,0,0,0,0,0,0,0,0
114047577,983103,2162719,983103,0.0,0.0,15,1,0,0,21,1,1,1,1,0,1,0,0,0,0,1,0,0,0,0,0,0,0,0
115040276,983103,2162719,983103,0.0,0.0,15,1,0,0,21,1,1,1,1,0,0,0,0,0,0,1,0,0,0,0,0,0,0,0
116042403,983103,2162719,983103,0.0,0.0,15,1,0,0,21,1,1,1,1,0,0,0,0,0,0,1,0,0,0,0,0,0,0,0
117050635,983103,2162719,983103,0.0,0.0,15,1,0,0,21,1,1,1,1,0,0,0,0,0,0,1,0,0,0,0,0,0,0,0
118056313,983103,2162719,983103,0.0,0.0,15,1,0,0,21,1,1,1,1,0,0,0,0,0,0,1,0,0,0,0,0,0,0,0
119061838,983103,2162719,983103,0.0,0.0,15,1,0,0,21,1,1,1,1,0,0,0,0,0,0,1,0,0,0,0,0,0,0,0
120070168,983103,2162719,983103,0.0,0.0,15,1,0,0,21,1,1,1,1,0,0,0,0,0,0,1,0,0,0,0,0,0,0,0
121072152,3080253,2162719,196665,0.0,0.0,15,1,0,0,21,1,1,1,1,0,0,0,0,0,0,1,0,0,0,0,0,0,0,0
122077397,3080253,2162719,196665,0.0,0.0,15,1,0,0,21,1,1,1,1,0,0,0,0,0,0,1,0,0,0,0,0,0,0,0
123078709,3080253,2162719,196665,0.0,0.0,15,1,0,0,21,1,1,1,1,0,0,0,0,0,0,1,0,0,0,0,0,0,0,0
124088996,3080253,2162719,196665,0.0,0.0,15,1,0,0,21,1,1,1,1,0,0,0,0,0,0,1,0,0,0,0,0,0,0,0
126106006,3080255,2162719,458811,0.0,0.0,15,1,0,0,21,1,1,1,1,0,0,0,0,0,0,1,0,0,0,0,0,0,0,0
127060007,3080255,2162719,458811,0.0,0.0,15,1,0,0,21,1,1,1,1,0,0,0,0,0,1,2,0,0,0,0,0,0,0,0
129069168,3080255,2162719,458811,0.0,0.0,15,1,0,0,21,1,1,1,1,0,0,0,0,0,1,2,0,0,0,0,0,0,0,0
129723590,3080255,2162719,458811,0.0,0.0,15,1,0,0,21,1,1,1,1,0,0,0,0,0,1,2,0,0,0,0,0,0,0,0
130729783,3080255,2162719,458811,0.0,0.0,15,1,0,0,21,1,1,1,1,0,0,0,0,0,1,2,0,0,0,0,0,0,0,0
131539516,3080255,2162719,458811,0.0,0.0,15,1,0,0,21,1,1,1,1,0,0,0,0,0,1,2,0,0,0,0,0,0,0,0
132548180,3080255,2162719,458811,0.0,0.0,15,1,0,0,21,1,1,1,1,0,0,0,0,0,1,2,0,0,0,0,0,0,0,0
133548597,3080255,2162719,458811,0.0,0.0,15,1,0,0,21,1,1,1,1,0,0,0,0,0,1,2,0,0,0,0,0,0,0,0
134558582,3080255,2162719,458811,0.0,0.0,15,1,0,0,21,1,1,1,1,0,0,0,0,0,1,2,0,0,0,0,0,0,0,0
135559466,3080255,2162719,458811,0.0,0.0,15,1,0,0,21,1,1,1,1,0,0,0,0,0,1,2,0,0,0,0,0,0,0,0
136561494,3080255,2162719,458811,0.0,0.0,15,1,0,0,21,1,1,1,1,0,0,0,0,0,1,2,0,0,0,0,0,0,0,0
137561978,3080255,2162719,458811,0.0,0.0,15,1,0,0,21,1,1,1,1,0,0,0,0,0,1,2,0,0,0,0,0,0,0,0
138565173,3080255,2162719,458811,0.0,0.0,15,1,0,0,21,1,1,1,1,0,0,0,0,0,1,2,0,0,0,0,0,0,0,0
139572369,3080255,2162719,458811,0.0,0.0,15,1,0,0,21,1,1,1,1,0,0,0,0,0,1,2,0,0,0,0,0,0,0,0
140577724,3080255,2162719,458811,0.0,0.0,15,1,0,0,21,1,1,1,1,0,0,0,0,0,1,2,0,0,0,0,0,0,0,0
141582161,3080255,2162719,458811,0.0,0.0,15,1,0,0,21,1,1,1,1,0,0,0,0,0,1,2,0,0,0,0,0,0,0,0
142587642,3080255,2162719,458811,0.0,0.0,15,1,0,0,21,1,1,1,1,0,0,0,0,0,1,2,0,0,0,0,0,0,0,0
143596749,3080255,2162719,458811,0.0,0.0,15,1,0,0,21,1,1,1,1,0,0,0,0,0,1,2,0,0,0,0,0,0,0,0
144601235,3080255,2162719,458811,0.0,0.0,15,1,0,0,21,1,1,1,1,0,0,0,0,0,1,2,0,0,0,0,0,0,0,0
145612162,3080255,2162719,458811,0.0,0.0,15,1,0,0,21,1,1,1,1,0,0,0,0,0,1,2,0,0,0,0,0,0,0,0
146620441,3080255,2162719,458811,0.0,0.0,15,1,0,0,21,1,1,1,1,0,0,0,0,0,1,2,0,0,0,0,0,0,0,0
147625997,3080255,2162719,458811,0.0,0.0,15,1,0,0,21,1,1,1,1,0,0,0,0,0,1,2,0,0,0,0,0,0,0,0
148634145,3080255,2162719,458811,0.0,0.0,15,1,0,0,21,1,1,1,1,0,0,0,0,0,1,2,0,0,0,0,0,0,0,0
149640463,3080255,2162719,458811,0.0,0.0,15,1,0,0,21,1,1,1,1,0,0,0,0,0,1,2,0,0,0,0,0,0,0,0
151654200,3080255,2162719,458811,0.0,0.0,15,1,0,0,21,1,1,1,1,0,0,0,0,0,1,2,0,0,0,0,0,0,0,0
152655237,3080255,2162719,458811,0.0,0.0,15,1,0,0,21,1,1,1,1,0,0,0,0,0,1,2,0,0,0,0,0,0,0,0
153745649,3080255,2162719,458811,0.0,0.0,15,1,0,0,21,1,1,1,1,0,0,0,0,0,1,2,0,0,0,0,0,0,0,0
154751258,3080255,2162719,458811,0.0,0.0,15,1,0,0,21,1,1,1,1,0,0,0,0,0,1,2,0,0,0,0,0,0,0,0
155758574,3080255,2162719,458811,0.0,0.0,15,1,0,0,21,1,1,1,1,0,0,0,0,0,1,2,0,0,0,0,0,0,0,0
156759821,3080255,2162719,458811,0.0,0.0,15,1,0,0,21,1,1,1,1,0,0,0,0,0,1,2,0,0,0,0,0,0,0,0
158778520,3080255,2162719,458811,0.0,0.0,15,1,0,0,21,1,1,1,1,0,0,0,0,0,1,2,0,0,0,0,0,0,0,0
159316782,3080255,2162719,458811,0.0,0.0,15,1,0,0,21,1,1,1,1,0,0,0,0,0,1,2,0,0,0,0,0,0,0,0
159607317,3080255,2162719,458811,0.0,0.0,15,1,0,0,21,1,1,1,1,0,0,0,0,0,1,2,0,0,0,0,0,0,0,0
160617036,3080255,2162719,458811,0.0,0.0,15,1,0,0,21,1,1,1,1,0,0,0,0,0,1,2,0,0,0,0,0,0,0,0
161394776,3080255,2162719,458811,0.0,0.0,15,1,0,0,21,1,1,1,1,0,0,0,0,0,1,2,0,0,0,0,0,0,0,0
162396096,3080255,2162719,458811,0.0,0.0,15,1,0,0,21,1,1,1,1,0,0,0,0,0,1,2,0,0,0,0,0,0,0,0
163400793,3080255,2162719,458811,0.0,0.0,15,1,0,0,21,1,1,1,1,0,0,0,0,0,1,2,0,0,0,0,0,0,0,0
164403535,3080255,2162719,458811,0.0,0.0,15,1,0,0,21,1,1,1,1,0,0,0,0,0,1,2,0,0,0,0,0,0,0,0
164930044,3080255,2162719,458811,0.0,0.0,15,1,0,0,21,1,1,1,1,0,0,0,0,0,1,2,0,0,0,0,0,0,0,0
165032253,3080255,2162719,458811,0.0,0.0,15,1,0,0,21,1,1,1,1,0,0,0,0,0,0,2,0,0,0,0,0,0,0,0
166042525,3080255,2162719,458811,0.0,0.0,15,1,0,0,21,1,1,1,1,0,0,0,0,0,0,2,0,0,0,0,0,0,0,0
167046496,3080255,2162719,458811,0.0,0.0,15,1,0,0,21,1,1,1,1,0,0,0,0,0,0,2,0,0,0,0,0,0,0,0
168055200,3080255,2162719,458811,0.0,0.0,15,1,0,0,21,1,1,1,1,0,0,0,0,0,0,2,0,0,0,0,0,0,0,0
169060400,3080255,2162719,458811,0.0,0.0,15,1,0,0,21,1,1,1,1,0,0,0,0,0,0,2,0,0,0,0,0,0,0,0
170062519,3080255,2162719,458811,0.0,0.0,15,1,0,0,21,1,1,1,1,0,0,0,0,0,0,2,0,0,0,0,0,0,0,0
171062717,3080255,2162719,458811,0.0,0.0,15,1,0,0,21,1,1,1,1,0,0,0,0,0,0,2,0,0,0,0,0,0,0,0
172065716,3080255,2162719,458811,0.0,0.0,15,1,0,0,21,1,1,1,1,0,0,0,0,0,0,2,0,0,0,0,0,0,0,0
173065738,3080255,2162719,458811,0.0,0.0,15,1,0,0,21,1,1,1,1,0,0,0,0,0,0,2,0,0,0,0,0,0,0,0
174074366,3080255,2162719,458811,0.0,0.0,15,1,0,0,21,1,1,1,1,0,0,0,0,0,0,2,0,0,0,0,0,0,0,0
175084185,3080255,2162719,458811,0.0,0.0,15,1,0,0,21,1,1,1,1,0,0,0,0,0,0,2,0,0,0,0,0,0,0,0
176093049,3080255,2162719,458811,0.0,0.0,15,1,0,0,21,1,1,1,1,0,0,0,0,0,0,2,0,0,0,0,0,0,0,0
177099315,3080255,2162719,458811,0.0,0.0,15,1,0,0,21,1,1,1,1,0,0,0,0,0,0,2,0,0,0,0,0,0,0,0
178101095,3080255,2162719,458811,0.0,0.0,15,1,0,0,21,1,1,1,1,0,0,0,0,0,0,2,0,0,0,0,0,0,0,0
179108250,3080255,2162719,458811,0.0,0.0,15,1,0,0,21,1,1,1,1,0,0,0,0,0,0,2,0,0,0,0,0,0,0,0
180110196,3080255,2162719,458811,0.0,0.0,15,1,0,0,21,1,1,1,1,0,0,0,0,0,0,2,0,0,0,0,0,0,0,0
181115445,3080255,2162719,458811,0.0,0.0,15,1,0,0,21,1,1,1,1,0,0,0,0,0,0,2,0,0,0,0,0,0,0,0
183132444,3080255,2162719,458811,0.0,0.0,15,1,0,0,21,1,1,1,1,0,0,0,0,0,0,2,0,0,0,0,0,0,0,0
184141977,3080255,2162719,458811,0.0,0.0,15,1,0,0,21,1,1,1,1,0,0,0,0,0,0,2,0,0,0,0,0,0,0,0
185142694,3080255,2162719,458811,0.0,0.0,15,1,0,0,21,1,1,1,1,0,0,0,0,0,0,2,0,0,0,0,0,0,0,0
186144532,3080253,2162719,196665,0.0,0.0,15,1,0,0,21,1,1,1,1,0,0,0,0,0,0,2,0,0,0,0,0,0,0,0
187090665,3080253,2162719,196665,0.0,0.0,15,1,0,0,21,1,1,1,1,0,0,0,0,0,1,3,0,0,0,0,0,0,0,0
188097131,3080253,2162719,196665,0.0,0.0,15,1,0,0,21,1,1,1,1,0,0,0,0,0,1,3,0,0,0,0,0,0,0,0
189104453,3080253,2162719,196665,0.0,0.0,15,1,0,0,21,1,1,1,1,0,0,0,0,0,1,3,0,0,0,0,0,0,0,0
190108192,3080253,2162719,196665,0.0,0.0,15,1,0,0,21,1,1,1,1,0,0,0,0,0,1,3,0,0,0,0,0,0,0,0
191118675,3080253,2162719,196665,0.0,0.0,15,1,0,0,21,1,1,1,1,0,0,0,0,0,1,3,0,0,0,0,0,0,0,0
191536417,3080253,2162719,196665,0.0,0.0,15,1,0,0,21,1,1,1,1,0,0,0,0,0,1,3,0,0,0,0,0,0,0,0
191547969,3080253,2162719,196665,0.0,0.0,15,1,0,0,21,1,1,1,1,0,0,0,0,0,1,3,0,0,0,0,0,0,0,0
192555630,3080253,2162719,196665,0.0,0.0,15,1,0,0,21,1,1,1,1,0,0,0,0,0,1,3,0,0,0,0,0,0,0,0
193557123,3080253,2162719,196665,0.0,0.0,15,1,0,0,21,1,1,1,1,0,0,0,0,0,1,3,0,0,0,0,0,0,0,0
194567987,3080253,2162719,196665,0.0,0.0,15,1,0,0,21,1,1,1,1,0,0,0,0,0,1,3,0,0,0,0,0,0,0,0
195569789,3080253,2162719,196665,0.0,0.0,15,1,0,0,21,1,1,1,1,0,0,0,0,0,1,3,0,0,0,0,0,0,0,0
196570540,3080253,2162719,196665,0.0,0.0,15,1,0,0,21,1,1,1,1,0,0,0,0,0,1,3,0,0,0,0,0,0,0,0
197576745,3080253,2162719,196665,0.0,0.0,15,1,0,0,21,1,1,1,1,0,0,0,0,0,1,3,0,0,0,0,0,0,0,0
198585651,3080253,2162719,196665,0.0,0.0,15,1,0,0,21,1,1,1,1,0,0,0,0,0,1,3,0,0,0,0,0,0,0,0
199595590,3080253,2162719,196665,0.0,0.0,15,1,0,0,21,1,1,1,1,0,0,0,0,0,1,3,0,0,0,0,0,0,0,0
200599241,3080253,2162719,196665,0.0,0.0,15,1,0,0,21,1,1,1,1,0,0,0,0,0,1,3,0,0,0,0,0,0,0,0
201603793,3080253,2162719,196665,0.0,0.0,15,1,0,0,21,1,1,1,1,0,0,0,0,0,1,3,0,0,0,0,0,0,0,0
202610803,3080253,2162719,196665,0.0,0.0,15,1,0,0,21,1,1,1,1,0,0,0,0,0,1,3,0,0,0,0,0,0,0,0
204623344,3080253,2162719,196665,0.0,0.0,15,1,0,0,21,1,1,1,1,0,0,0,0,0,1,3,0,0,0,0,0,0,0,0
205632407,3080253,2162719,196665,0.0,0.0,15,1,0,0,21,1,1,1,1,0,0,0,0,0,1,3,0,0,0,0,0,0,0,0
206638488,3080253,2162719,196665,0.0,0.0,15,1,0,0,21,1,1,1,1,0,0,0,0,0,1,3,0,0,0,0,0,0,0,0
207639980,3080253,2162719,196665,0.0,0.0,15,1,0,0,21,1,1,1,1,0,0,0,0,0,1,3,0,0,0,0,0,0,0,0
208013583,3080253,2162719,196665,0.0,0.0,15,1,0,0,21,1,1,1,1,0,0,0,0,0,0,3,0,0,0,0,0,0,0,0
209019212,3080253,2162719,196665,0.0,0.0,15,1,0,0,21,1,1,1,1,0,0,0,0,0,0,3,0,0,0,0,0,0,0,0
211034310,3080253,2162719,196665,0.0,0.0,15,1,0,0,21,1,1,1,1,0,0,0,0,0,0,3,0,0,0,0,0,0,0,0
212038309,3080253,2162719,196665,0.0,0.0,15,1,0,0,21,1,1,1,1,0,0,0,0,0,0,3,0,0,0,0,0,0,0,0
213049542,3080253,2162719,196665,0.0,0.0,15,1,0,0,21,1,1,1,1,0,0,0,0,0,0,3,0,0,0,0,0,0,0,0
214056142,3080253,2162719,196665,0.0,0.0,15,1,0,0,21,1,1,1,1,0,0,0,0,0,0,3,0,0,0,0,0,0,0,0
215065762,3080253,2162719,196665,0.0,0.0,15,1,0,0,21,1,1,1,1,0,0,0,0,0,0,3,0,0,0,0,0,0,0,0
216075973,3080253,2162719,196665,0.0,0.0,15,1,0,0,21,1,1,1,1,0,0,0,0,0,0,3,0,0,0,0,0,0,0,0
217076377,3080253,2162719,196665,0.0,0.0,15,1,0,0,21,1,1,1,1,0,0,0,0,0,0,3,0,0,0,0,0,0,0,0
218085087,3080253,2162719,196665,0.0,0.0,15,1,0,0,21,1,1,1,1,0,0,0,0,0,0,3,0,0,0,0,0,0,0,0
219086349,3080253,2162719,196665,0.0,0.0,15,1,0,0,21,1,1,1,1,0,0,0,0,0,0,3,0,0,0,0,0,0,0,0
220087365,3080253,2162719,196665,0.0,0.0,15,1,0,0,21,1,1,1,1,0,0,0,0,0,0,3,0,0,0,0,0,0,0,0
220099272,3080253,2162719,196665,0.0,0.0,15,1,0,0,21,1,1,1,1,0,0,0,0,0,1,4,0,0,0,0,0,0,0,0
221108455,3080253,2162719,196665,0.0,0.0,15,1,0,0,21,1,1,1,1,0,0,0,0,0,1,4,0,0,0,0,0,0,0,0
222113261,3080253,2162719,196665,0.0,0.0,15,1,0,0,21,1,1,1,1,0,0,0,0,0,1,4,0,0,0,0,0,0,0,0
223056170,3080253,2162719,196665,0.0,0.0,15,1,0,0,21,1,1,1,1,0,0,0,0,0,0,4,0,0,0,0,0,0,0,0
224059559,3080253,2162719,196665,0.0,0.0,15,1,0,0,21,1,1,1,1,0,0,0,0,0,0,4,0,0,0,0,0,0,0,0
225069561,3080253,2162719,196665,0.0,0.0,15,1,0,0,21,1,1,1,1,0,0,0,0,0,0,4,0,0,0,0,0,0,0,0
226074697,3080253,2162719,196665,0.0,0.0,15,1,0,0,21,1,1,1,1,0,0,0,0,0,0,4,0,0,0,0,0,0,0,0
227083558,3080253,2162719,196665,0.0,0.0,15,1,0,0,21,1,1,1,1,0,0,0,0,0,0,4,0,0,0,0,0,0,0,0
227275631,3080253,2162719,196665,0.0,0.0,15,1,0,0,21,1,1,1,1,0,0,0,0,0,0,4,0,0,0,0,0,0,0,0
228275934,3080253,2162719,196665,0.0,0.0,15,1,0,0,21,1,1,1,1,0,0,0,0,0,0,4,0,0,0,0,0,0,0,0
229281511,3080253,2162719,196665,0.0,0.0,15,1,0,0,21,1,1,1,1,0,0,0,0,0,0,4,0,0,0,0,0,0,0,0
230289993,3080253,2162719,196665,0.0,0.0,15,1,0,0,21,1,1,1,1,0,0,0,0,0,0,4,0,0,0,0,0,0,0,0
231299533,3080253,2162719,196665,0.0,0.0,15,1,0,0,21,1,1,1,1,0,0,0,0,0,0,4,0,0,0,0,0,0,0,0
232308381,3080253,2162719,196665,0.0,0.0,15,1,0,0,21,1,1,1,1,0,0,0,0,0,0,4,0,0,0,0,0,0,0,0
233318781,3080253,2162719,196665,0.0,0.0,15,1,0,0,21,1,1,1,1,0,0,0,0,0,0,4,0,0,0,0,0,0,0,0
234319295,3080253,2162719,196665,0.0,0.0,15,1,0,0,21,1,1,1,1,0,0,0,0,0,0,4,0,0,0,0,0,0,0,0
235320279,3080253,2162719,196665,0.0,0.0,15,1,0,0,21,1,1,1,1,0,0,0,0,0,0,4,0,0,0,0,0,0,0,0
236327532,3080253,2162719,196665,0.0,0.0,15,1,0,0,21,1,1,1,1,0,0,0,0,0,0,4,0,0,0,0,0,0,0,0
237328245,3080253,2162719,196665,0.0,0.0,15,1,0,0,21,1,1,1,1,0,0,0,0,0,0,4,0,0,0,0,0,0,0,0
238331191,3080253,2162719,196665,0.0,0.0,15,1,0,0,21,1,1,1,1,0,0,0,0,0,0,4,0,0,0,0,0,0,0,0
239336878,3080253,2162719,196665,0.0,0.0,15,1,0,0,21,1,1,1,1,0,0,0,0,0,0,4,0,0,0,0,0,0,0,0
242008563,3080255,2162719,458811,0.0,0.0,15,1,0,0,21,1,1,1,1,0,0,0,0,0,0,4,0,0,0,0,0,0,0,0
243018471,3080255,2162719,458811,0.0,0.0,15,1,0,0,21,1,1,1,1,0,0,0,0,0,0,4,0,0,0,0,0,0,0,0
244019160,3080255,2162719,458811,0.0,0.0,15,1,0,0,21,1,1,1,1,0,0,0,0,0,0,4,0,0,0,0,0,0,0,0
245025490,3080255,2162719,458811,0.0,0.0,15,1,0,0,21,1,1,1,1,0,0,0,0,0,0,4,0,0,0,0,0,0,0,0
246034406,3080255,2162719,458811,0.0,0.0,15,1,0,0,21,1,1,1,1,0,0,0,0,0,0,4,0,0,0,0,0,0,0,0
247038494,3080255,2162719,458811,0.0,0.0,15,1,0,0,21,1,1,1,1,0,0,0,0,0,0,4,0,0,0,0,0,0,0,0
248044100,3080255,2162719,458811,0.0,0.0,15,1,0,0,21,1,1,1,1,0,0,0,0,0,0,4,0,0,0,0,0,0,0,0
249053079,3080255,2162719,458811,0.0,0.0,15,1,0,0,21,1,1,1,1,0,0,0,0,0,0,4,0,0,0,0,0,0,0,0
250012439,3080255,2162719,458811,0.0,0.0,15,1,0,0,21,1,1,1,1,0,0,0,0,0,1,5,0,0,0,0,0,0,0,0
251023625,3080255,2162719,458811,0.0,0.0,15,1,0,0,21,1,1,1,1,0,0,0,0,0,1,5,0,0,0,0,0,0,0,0
252032733,3080255,2162719,458811,0.0,0.0,15,1,0,0,21,1,1,1,1,0,0,0,0,0,1,5,0,0,0,0,0,0,0,0
253033874,3080255,2162719,458811,0.0,0.0,15,1,0,0,21,1,1,1,1,0,0,0,0,0,1,5,0,0,0,0,0,0,0,0
254034544,3080255,2162719,458811,0.0,0.0,15,1,0,0,21,1,1,1,1,0,0,0,0,0,1,5,0,0,0,0,0,0,0,0
255043278,3080255,2162719,458811,0.0,0.0,15,1,0,0,21,1,1,1,1,0,0,0,0,0,1,5,0,0,0,0,0,0,0,0
256052395,3080255,2162719,458811,0.0,0.0,15,1,0,0,21,1,1,1,1,0,0,0,0,0,1,5,0,0,0,0,0,0,0,0
256475363,3080255,2162719,458811,0.0,0.0,15,1,0,0,21,1,1,1,1,0,1,1,0,0,1,5,0,0,0,0,0,0,0,0
256978203,3080255,2162719,458811,0.0,0.0,15,1,0,0,21,1,1,0,1,0,0,0,0,0,1,5,0,0,0,0,0,0,0,0
257979163,3080255,2162719,458811,0.0,0.0,15,1,0,0,21,1,1,0,1,0,0,0,0,0,1,5,0,0,0,0,0,0,0,0
258586469,3080255,2162719,458811,0.0,0.0,15,1,0,0,21,1,1,1,1,0,1,0,0,0,1,5,0,0,0,0,0,0,0,0
259586663,3080255,2162719,458811,0.0,0.0,15,1,0,0,21,1,1,1,1,0,1,0,0,0,1,5,0,0,0,0,0,0,0,0
260596400,3080255,2162719,458811,0.0,0.0,15,1,0,0,21,1,1,1,1,0,1,0,0,0,1,5,0,0,0,0,0,0,0,0
261608890,3080255,2162719,458811,0.0,0.0,15,1,0,0,21,1,1,1,1,0,1,0,0,0,1,5,0,0,0,0,0,0,0,0
263596417,3080255,2162719,458811,0.0,0.0,15,1,0,0,21,1,1,1,1,0,0,0,0,0,1,5,0,0,0,0,0,0,0,0
264608161,3080255,2162719,458811,0.0,0.0,15,1,0,0,21,1,1,1,1,0,0,0,0,0,1,5,0,0,0,0,0,0,0,0
265612437,3080255,2162719,458811,0.0,0.0,15,1,0,0,21,1,1,1,1,0,0,0,0,0,1,5,0,0,0,0,0,0,0,0
266616203,3080255,2162719,458811,0.0,0.0,15,1,0,0,21,1,1,1,1,0,0,0,0,0,1,5,0,0,0,0,0,0,0,0
267627794,3080255,2162719,458811,0.0,0.0,15,1,0,0,21,1,1,1,1,0,0,0,0,0,1,5,0,0,0,0,0,0,0,0
268632330,3080255,2162719,458811,0.0,0.0,15,1,0,0,21,1,1,1,1,0,0,0,0,0,1,5,0,0,0,0,0,0,0,0
269744866,3080255,2162719,458811,0.0,0.0,15,1,0,0,21,1,1,1,1,0,0,0,0,0,1,5,0,0,0,0,0,0,0,0
270749818,3080255,2162719,458811,0.0,0.0,15,1,0,0,21,1,1,1,1,0,0,0,0,0,1,5,0,0,0,0,0,0,0,0
271753380,3080255,2162719,458811,0.0,0.0,15,1,0,0,21,1,1,1,1,0,0,0,0,0,1,5,0,0,0,0,0,0,0,0
273066177,3080255,2162719,458811,0.0,0.0,15,1,0,0,21,1,1,1,1,0,0,0,0,0,0,5,0,0,0,0,0,0,0,0
274069815,3080255,2162719,458811,0.0,0.0,15,1,0,0,21,1,1,1,1,0,0,0,0,0,0,5,0,0,0,0,0,0,0,0
275079144,3080255,2162719,458811,0.0,0.0,15,1,0,0,21,1,1,1,1,0,0,0,0,0,0,5,0,0,0,0,0,0,0,0
276084035,3080255,2162719,458811,0.0,0.0,15,1,0,0,21,1,1,1,1,0,0,0,0,0,0,5,0,0,0,0,0,0,0,0
277085517,3080255,2162719,458811,0.0,0.0,15,1,0,0,21,1,1,1,1,0,0,0,0,0,0,5,0,0,0,0,0,0,0,0
278117349,3080255,2162719,458811,0.0,0.0,15,1,0,0,21,1,1,1,1,0,0,0,0,0,0,5,0,0,0,0,0,0,0,0
279118178,3080255,2162719,458811,0.0,0.0,15,1,0,0,21,1,1,1,1,0,0,0,0,0,0,5,0,0,0,0,0,0,0,0
280120203,3080255,2162719,458811,0.0,0.0,15,1,0,0,21,1,1,1,1,0,0,0,0,0,0,5,0,0,0,0,0,0,0,0
281129769,3080255,2162719,458811,0.0,0.0,15,1,0,0,21,1,1,1,1,0,0,0,0,0,0,5,0,0,0,0,0,0,0,0
282137179,3080255,2162719,458811,0.0,0.0,15,1,0,0,21,1,1,1,1,0,0,0,0,0,0,5,0,0,0,0,0,0,0,0
283224577,3080255,2162719,458811,0.0,0.0,15,1,0,0,21,1,1,1,1,0,0,0,0,0,0,5,0,0,0,0,0,0,0,0
284228137,3080255,2162719,458811,0.0,0.0,15,1,0,0,21,1,1,1,1,0,0,0,0,0,0,5,0,0,0,0,0,0,0,0
285228203,3080255,2162719,458811,0.0,0.0,15,1,0,0,21,1,1,1,1,0,0,0,0,0,0,5,0,0,0,0,0,0,0,0
286233182,3080255,2162719,458811,0.0,0.0,15,1,0,0,21,1,1,1,1,0,0,0,0,0,0,5,0,0,0,0,0,0,0,0
287239255,3080255,2162719,458811,0.0,0.0,15,1,0,0,21,1,1,1,1,0,0,0,0,0,0,5,0,0,0,0,0,0,0,0
288248120,3080255,2162719,458811,0.0,0.0,15,1,0,0,21,1,1,1,1,0,0,0,0,0,0,5,0,0,0,0,0,0,0,0
289256411,3080255,2162719,458811,0.0,0.0,15,1,0,0,21,1,1,1,1,0,0,0,0,0,0,5,0,0,0,0,0,0,0,0
289915275,3080255,2162719,458811,0.0,0.0,15,1,0,0,21,1,1,1,1,0,1,1,0,0,0,5,0,0,0,0,0,0,0,0
289996302,3080255,2162719,458811,0.0,0.0,15,1,0,0,21,1,1,1,1,0,1,1,0,0,1,6,0,0,0,0,0,0,0,0
291087951,3080255,2162719,458811,0.0,0.0,15,1,0,0,21,1,1,1,1,0,1,0,0,0,0,6,0,0,0,0,0,0,0,0
292089219,3080255,2162719,458811,0.0,0.0,15,1,0,0,21,1,1,1,1,0,1,0,0,0,0,6,0,0,0,0,0,0,0,0
294101121,3080255,2162719,458811,0.0,0.0,15,1,0,0,21,1,1,1,1,0,1,0,0,0,0,6,0,0,0,0,0,0,0,0
294841368,3080255,2162719,458811,0.0,0.0,15,1,0,0,21,1,1,1,1,0,0,0,0,0,0,6,0,0,0,0,0,0,0,0
295851185,3080255,2162719,458811,0.0,0.0,15,1,0,0,21,1,1,1,1,0,0,0,0,0,0,6,0,0,0,0,0,0,0,0
296385505,3080255,2162719,458811,0.0,0.0,15,1,0,0,21,1,1,1,1,0,0,0,0,0,0,6,0,0,0,0,0,0,0,0
297394690,3080255,2162719,458811,0.0,0.0,15,1,0,0,21,1,1,1,1,0,0,0,0,0,0,6,0,0,0,0,0,0,0,0
297610286,3080255,2162719,458811,0.0,0.0,15,1,0,0,21,1,1,1,1,0,0,0,0,0,0,6,0,0,0,0,0,0,0,0
298611319,3080255,2162719,458811,0.0,0.0,15,1,0,0,21,1,1,1,1,0,0,0,0,0,0,6,0,0,0,0,0,0,0,0
299621088,3080255,2162719,458811,0.0,0.0,15,1,0,0,21,1,1,1,1,0,0,0,0,0,0,6,0,0,0,0,0,0,0,0
300628816,3080255,2162719,458811,0.0,0.0,15,1,0,0,21,1,1,1,1,0,0,0,0,0,0,6,0,0,0,0,0,0,0,0
301629152,3080255,2162719,458811,0.0,0.0,15,1,0,0,21,1,1,1,1,0,0,0,0,0,0,6,0,0,0,0,0,0,0,0
302640549,3080255,2162719,458811,0.0,0.0,15,1,0,0,21,1,1,1,1,0,0,0,0,0,0,6,0,0,0,0,0,0,0,0
303642205,3080255,2162719,458811,0.0,0.0,15,1,0,0,21,1,1,1,1,0,0,0,0,0,0,6,0,0,0,0,0,0,0,0
304645618,3080255,2162719,458811,0.0,0.0,15,1,0,0,21,1,1,1,1,0,0,0,0,0,0,6,0,0,0,0,0,0,0,0
305655428,3080255,2162719,458811,0.0,0.0,15,1,0,0,21,1,1,1,1,0,0,0,0,0,0,6,0,0,0,0,0,0,0,0
306663202,3080255,2162719,458811,0.0,0.0,15,1,0,0,21,1,1,1,1,0,0,0,0,0,0,6,0,0,0,0,0,0,0,0
307667627,3080255,2162719,458811,0.0,0.0,15,1,0,0,21,1,1,1,1,0,0,0,0,0,0,6,0,0,0,0,0,0,0,0
308020106,3080255,2162719,458811,0.0,0.0,15,1,0,0,21,1,1,1,1,0,0,0,0,0,1,7,0,0,0,0,0,0,0,0
311046397,3080255,2162719,458811,0.0,0.0,15,1,0,0,21,1,1,1,1,0,0,0,0,0,1,7,0,0,0,0,0,0,0,0
312049190,3080255,2162719,458811,0.0,0.0,15,1,0,0,21,1,1,1,1,0,0,0,0,0,1,7,0,0,0,0,0,0,0,0
313050009,3080255,2162719,458811,0.0,0.0,15,1,0,0,21,1,1,1,1,0,0,0,0,0,1,7,0,0,0,0,0,0,0,0
314050720,3080255,2162719,458811,0.0,0.0,15,1,0,0,21,1,1,1,1,0,0,0,0,0,1,7,0,0,0,0,0,0,0,0
315052203,3080255,2162719,458811,0.0,0.0,15,1,0,0,21,1,1,1,1,0,0,0,0,0,1,7,0,0,0,0,0,0,0,0
316061488,3080255,2162719,458811,0.0,0.0,15,1,0,0,21,1,1,1,1,0,0,0,0,0,1,7,0,0,0,0,0,0,0,0
317065551,3080255,2162719,458811,0.0,0.0,15,1,0,0,21,1,1,1,1,0,0,0,0,0,1,7,0,0,0,0,0,0,0,0
318074397,3080255,2162719,458811,0.0,0.0,15,1,0,0,21,1,1,1,1,0,0,0,0,0,1,7,0,0,0,0,0,0,0,0
318765179,3080255,2162719,458811,0.0,0.0,15,1,0,0,21,1,1,1,1,0,1,1,0,0,1,7,0,0,0,0,0,0,0,0
319270527,3080255,2162719,458811,0.0,0.0,15,1,0,0,21,1,1,0,1,0,0,0,0,0,1,7,0,0,0,0,0,0,0,0
320280395,3080255,2162719,458811,0.0,0.0,15,1,0,0,21,1,1,0,1,0,0,0,0,0,1,7,0,0,0,0,0,0,0,0
321281961,3080255,2162719,458811,0.0,0.0,15,1,0,0,21,1,1,0,1,0,0,0,0,0,1,7,0,0,0,0,0,0,0,0
322287109,3080255,2162719,458811,0.0,0.0,15,1,0,0,21,1,1,0,1,0,0,0,0,0,1,7,0,0,0,0,0,0,0,0
323288911,3080255,2162719,458811,0.0,0.0,15,1,0,0,21,1,1,0,1,0,0,0,0,0,1,7,0,0,0,0,0,0,0,0
324292236,3080255,2162719,458811,0.0,0.0,15,1,0,0,21,1,1,0,1,0,0,0,0,0,1,7,0,0,0,0,0,0,0,0
325293131,3080255,2162719,458811,0.0,0.0,15,1,0,0,21,1,1,0,1,0,0,0,0,0,1,7,0,0,0,0,0,0,0,0
326294681,3080255,2162719,458811,0.0,0.0,15,1,0,0,21,1,1,0,1,0,0,0,0,0,1,7,0,0,0,0,0,0,0,0
327305092,3080255,2162719,458811,0.0,0.0,15,1,0,0,21,1,1,0,1,0,0,0,0,0,1,7,0,0,0,0,0,0,0,0
328309078,3080255,2162719,458811,0.0,0.0,15,1,0,0,21,1,1,0,1,0,0,0,0,0,1,7,0,0,0,0,0,0,0,0
329310342,3080255,2162719,458811,0.0,0.0,15,1,0,0,21,1,1,0,1,0,0,0,0,0,1,7,0,0,0,0,0,0,0,0
330319514,3080255,2162719,458811,0.0,0.0,15,1,0,0,21,1,1,0,1,0,0,0,0,0,1,7,0,0,0,0,0,0,0,0
331323349,3080255,2162719,458811,0.0,0.0,15,1,0,0,21,1,1,0,1,0,0,0,0,0,1,7,0,0,0,0,0,0,0,0
332325026,3080255,2162719,458811,0.0,0.0,15,1,0,0,21,1,1,0,1,0,0,0,0,0,1,7,0,0,0,0,0,0,0,0
333331187,3080255,2162719,458811,0.0,0.0,15,1,0,0,21,1,1,0,1,0,0,0,0,0,1,7,0,0,0,0,0,0,0,0
334334161,3080255,2162719,458811,0.0,0.0,15,1,0,0,21,1,1,0,1,0,0,0,0,0,1,7,0,0,0,0,0,0,0,0
335337184,3080255,2162719,458811,0.0,0.0,15,1,0,0,21,1,1,0,1,0,0,0,0,0,1,7,0,0,0,0,0,0,0,0
336337885,3080255,2162719,458811,0.0,0.0,15,1,0,0,21,1,1,0,1,0,0,0,0,0,1,7,0,0,0,0,0,0,0,0
337343399,3080255,2162719,458811,0.0,0.0,15,1,0,0,21,1,1,0,1,0,0,0,0,0,1,7,0,0,0,0,0,0,0,0
338345160,3080255,2162719,458811,0.0,0.0,15,1,0,0,21,1,1,0,1,0,0,0,0,0,1,7,0,0,0,0,0,0,0,0
339349092,3080255,2162719,458811,0.0,0.0,15,1,0,0,21,1,1,0,1,0,0,0,0,0,1,7,0,0,0,0,0,0,0,0
340355259,3080255,2162719,458811,0.0,0.0,15,1,0,0,21,1,1,0,1,0,0,0,0,0,1,7,0,0,0,0,0,0,0,0
340681743,3080255,2162719,458811,0.0,0.0,15,1,0,0,21,1,1,0,1,0,0,0,0,0,1,7,0,0,0,0,0,0,0,0
341686375,3080255,2162719,458811,0.0,0.0,15,1,0,0,21,1,1,0,1,0,0,0,0,0,1,7,0,0,0,0,0,0,0,0
342695973,3080255,2162719,458811,0.0,0.0,15,1,0,0,21,1,1,0,1,0,0,0,0,0,1,7,0,0,0,0,0,0,0,0
344706570,3080255,2162719,458811,0.0,0.0,15,1,0,0,21,1,1,0,1,0,0,0,0,0,1,7,0,0,0,0,0,0,0,0
347724970,3080255,2162719,458811,0.0,0.0,15,1,0,0,21,1,1,0,1,0,0,0,0,0,1,7,0,0,0,0,0,0,0,0
348731347,3080255,2162719,458811,0.0,0.0,15,1,0,0,21,1,1,0,1,0,0,0,0,0,1,7,0,0,0,0,0,0,0,0
349742551,3080255,2162719,458811,0.0,0.0,15,1,0,0,21,1,1,0,1,0,0,0,0,0,1,7,0,0,0,0,0,0,0,0
350752363,3080255,2162719,458811,0.0,0.0,15,1,0,0,21,1,1,0,1,0,0,0,0,0,1,7,0,0,0,0,0,0,0,0
351120099,3080255,2162719,458811,0.0,0.0,15,1,0,0,21,1,1,0,1,0,0,0,0,0,0,7,0,0,0,0,0,0,0,0
352129834,3080255,2162719,458811,0.0,0.0,15,1,0,0,21,1,1,0,1,0,0,0,0,0,0,7,0,0,0,0,0,0,0,0
353138371,3080255,2162719,458811,0.0,0.0,15,1,0,0,21,1,1,0,1,0,0,0,0,0,0,7,0,0,0,0,0,0,0,0
354148303,3080255,2162719,458811,0.0,0.0,15,1,0,0,21,1,1,0,1,0,0,0,0,0,0,7,0,0,0,0,0,0,0,0
354469093,3080255,2162719,458811,0.0,0.0,15,1,0,0,21,1,1,0,1,0,0,0,0,0,0,7,0,0,0,0,0,0,0,0
355474816,3080255,2162719,458811,0.0,0.0,15,1,0,0,21,1,1,0,1,0,0,0,0,0,0,7,0,0,0,0,0,0,0,0
356475327,3080255,2162719,458811,0.0,0.0,15,1,0,0,21,1,1,0,1,0,0,0,0,0,0,7,0,0,0,0,0,0,0,0
357477522,3080255,2162719,458811,0.0,0.0,15,1,0,0,21,1,1,0,1,0,0,0,0,0,0,7,0,0,0,0,0,0,0,0
358488434,3080255,2162719,458811,0.0,0.0,15,1,0,0,21,1,1,0,1,0,0,0,0,0,0,7,0,0,0,0,0,0,0,0
359495168,3080255,2162719,458811,0.0,0.0,15,1,0,0,21,1,1,0,1,0,0,0,0,0,0,7,0,0,0,0,0,0,0,0
360497996,3080255,2162719,458811,0.0,0.0,15,1,0,0,21,1,1,0,1,0,0,0,0,0,0,7,0,0,0,0,0,0,0,0
361502184,3080255,2162719,458811,0.0,0.0,15,1,0,0,21,1,1,0,1,0,0,0,0,0,0,7,0,0,0,0,0,0,0,0
363519992,3080255,2162719,458811,0.0,0.0,15,1,0,0,21,1,1,0,1,0,0,0,0,0,0,7,0,0,0,0,0,0,0,0
364524167,3080255,2162719,458811,0.0,0.0,15,1,0,0,21,1,1,0,1,0,0,0,0,0,0,7,0,0,0,0,0,0,0,0
365534363,3080255,2162719,458811,0.0,0.0,15,1,0,0,21,1,1,0,1,0,0,0,0,0,0,7,0,0,0,0,0,0,0,0
366540161,3080255,2162719,458811,0.0,0.0,15,1,0,0,21,1,1,0,1,0,0,0,0,0,0,7,0,0,0,0,0,0,0,0
367548211,3080255,2162719,458811,0.0,0.0,15,1,0,0,21,1,1,0,1,0,0,0,0,0,0,7,0,0,0,0,0,0,0,0
368553335,3080255,2162719,458811,0.0,0.0,15,1,0,0,21,1,1,0,1,0,0,0,0,0,0,7,0,0,0,0,0,0,0,0
369554133,3080255,2162719,458811,0.0,0.0,15,1,0,0,21,1,1,0,1,0,0,0,0,0,0,7,0,0,0,0,0,0,0,0
370555436,3080255,2162719,458811,0.0,0.0,15,1,0,0,21,1,1,0,1,0,0,0,0,0,0,7,0,0,0,0,0,0,0,0
371564770,3080255,2162719,458811,0.0,0.0,15,1,0,0,21,1,1,0,1,0,0,0,0,0,0,7,0,0,0,0,0,0,0,0
372568201,3080255,2162719,458811,0.0,0.0,15,1,0,0,21,1,1,0,1,0,0,0,0,0,0,7,0,0,0,0,0,0,0,0
373571329,3080255,2162719,458811,0.0,0.0,15,1,0,0,21,1,1,0,1,0,0,0,0,0,0,7,0,0,0,0,0,0,0,0
376578815,3080255,2162719,458811,0.0,0.0,15,1,0,0,21,1,1,0,1,0,0,0,0,0,0,7,0,0,0,0,0,0,0,0
377586165,3080255,2162719,458811,0.0,0.0,15,1,0,0,21,1,1,0,1,0,0,0,0,0,0,7,0,0,0,0,0,0,0,0
378592889,3080255,2162719,458811,0.0,0.0,15,1,0,0,21,1,1,0,1,0,0,0,0,0,0,7,0,0,0,0,0,0,0,0
379594376,3080255,2162719,458811,0.0,0.0,15,1,0,0,21,1,1,0,1,0,0,0,0,0,0,7,0,0,0,0,0,0,0,0
380606998,3080255,2162719,458811,0.0,0.0,15,1,0,0,21,1,1,0,1,0,0,0,0,0,0,7,0,0,0,0,0,0,0,0
381609948,3080255,2162719,458811,0.0,0.0,15,1,0,0,21,1,1,0,1,0,0,0,0,0,0,7,0,0,0,0,0,0,0,0
382619590,3080255,2162719,458811,0.0,0.0,15,1,0,0,21,1,1,0,1,0,0,0,0,0,0,7,0,0,0,0,0,0,0,0
383623542,3080255,2162719,458811,0.0,0.0,15,1,0,0,21,1,1,0,1,0,0,0,0,0,0,7,0,0,0,0,0,0,0,0
384629159,3080255,2162719,458811,0.0,0.0,15,1,0,0,21,1,1,0,1,0,0,0,0,0,0,7,0,0,0,0,0,0,0,0
385641016,3080255,2162719,458811,0.0,0.0,15,1,0,0,21,1,1,0,1,0,0,0,0,0,0,7,0,0,0,0,0,0,0,0
386649800,3080255,2162719,458811,0.0,0.0,15,1,0,0,21,1,1,0,1,0,0,0,0,0,0,7,0,0,0,0,0,0,0,0
387655777,3080255,2162719,458811,0.0,0.0,15,1,0,0,21,1,1,0,1,0,0,0,0,0,0,7,0,0,0,0,0,0,0,0
388659430,3080255,2162719,458811,0.0,0.0,15,1,0,0,21,1,1,0,1,0,0,0,0,0,0,7,0,0,0,0,0,0,0,0
389668102,3080255,2162719,458811,0.0,0.0,15,1,0,0,21,1,1,0,1,0,0,0,0,0,0,7,0,0,0,0,0,0,0,0
390678029,3080255,2162719,458811,0.0,0.0,15,1,0,0,21,1,1,0,1,0,0,0,0,0,0,7,0,0,0,0,0,0,0,0
391680248,3080255,2162719,458811,0.0,0.0,15,1,0,0,21,1,1,0,1,0,0,0,0,0,0,7,0,0,0,0,0,0,0,0
392692837,3080255,2162719,458811,0.0,0.0,15,1,0,0,21,1,1,0,1,0,0,0,0,0,0,7,0,0,0,0,0,0,0,0
393697217,3080255,2162719,458811,0.0,0.0,15,1,0,0,21,1,1,0,1,0,0,0,0,0,0,7,0,0,0,0,0,0,0,0
394705839,3080255,2162719,458811,0.0,0.0,15,1,0,0,21,1,1,0,1,0,0,0,0,0,0,7,0,0,0,0,0,0,0,0
395711888,3080255,2162719,458811,0.0,0.0,15,1,0,0,21,1,1,0,1,0,0,0,0,0,0,7,0,0,0,0,0,0,0,0
396378143,3080255,2162719,458811,0.0,0.0,15,1,0,0,21,1,1,0,1,0,0,0,0,0,0,7,0,0,0,0,0,0,0,0
397380760,3080255,2162719,458811,0.0,0.0,15,1,0,0,21,1,1,0,1,0,0,0,0,0,0,7,0,0,0,0,0,0,0,0
398381545,3080255,2162719,458811,0.0,0.0,15,1,0,0,21,1,1,0,1,0,0,0,0,0,0,7,0,0,0,0,0,0,0,0
399931520,3080255,2162719,458811,0.0,0.0,15,1,0,0,21,1,1,0,1,0,0,0,0,0,0,7,0,0,0,0,0,0,0,0
400937129,3080255,2162719,458811,0.0,0.0,15,1,0,0,21,1,1,0,1,0,0,0,0,0,0,7,0,0,0,0,0,0,0,0
401946620,3080255,2162719,458811,0.0,0.0,15,1,0,0,21,1,1,0,1,0,0,0,0,0,0,7,0,0,0,0,0,0,0,0
402955224,3080255,2162719,458811,0.0,0.0,15,1,0,0,21,1,1,0,1,0,0,0,0,0,0,7,0,0,0,0,0,0,0,0
403961144,3080255,2162719,458811,0.0,0.0,15,1,0,0,21,1,1,0,1,0,0,0,0,0,0,7,0,0,0,0,0,0,0,0
404962534,3080255,2162719,458811,0.0,0.0,15,1,0,0,21,1,1,0,1,0,0,0,0,0,0,7,0,0,0,0,0,0,0,0
405966612,3080255,2162719,458811,0.0,0.0,15,1,0,0,21,1,1,0,1,0,0,0,0,0,0,7,0,0,0,0,0,0,0,0
406969202,3080255,2162719,458811,0.0,0.0,15,1,0,0,21,1,1,0,1,0,0,0,0,0,0,7,0,0,0,0,0,0,0,0
407973376,3080255,2162719,458811,0.0,0.0,15,1,0,0,21,1,1,0,1,0,0,0,0,0,0,7,0,0,0,0,0,0,0,0
408981201,3080255,2162719,458811,0.0,0.0,15,1,0,0,21,1,1,0,1,0,0,0,0,0,0,7,0,0,0,0,0,0,0,0
409982804,3080255,2162719,458811,0.0,0.0,15,1,0,0,21,1,1,0,1,0,0,0,0,0,0,7,0,0,0,0,0,0,0,0
410988038,3080255,2162719,458811,0.0,0.0,15,1,0,0,21,1,1,0,1,0,0,0,0,0,0,7,0,0,0,0,0,0,0,0
411992543,3080255,2162719,458811,0.0,0.0,15,1,0,0,21,1,1,0,1,0,0,0,0,0,0,7,0,0,0,0,0,0,0,0
412994204,3080255,2162719,458811,0.0,0.0,15,1,0,0,21,1,1,0,1,0,0,0,0,0,0,7,0,0,0,0,0,0,0,0
413995360,3080255,2162719,458811,0.0,0.0,15,1,0,0,21,1,1,0,1,0,0,0,0,0,0,7,0,0,0,0,0,0,0,0
414996870,3080255,2162719,458811,0.0,0.0,15,1,0,0,21,1,1,0,1,0,0,0,0,0,0,7,0,0,0,0,0,0,0,0
417005254,3080255,2162719,458811,0.0,0.0,15,1,0,0,21,1,1,0,1,0,0,0,0,0,0,7,0,0,0,0,0,0,0,0
418008296,3080255,2162719,458811,0.0,0.0,15,1,0,0,21,1,1,0,1,0,0,0,0,0,0,7,0,0,0,0,0,0,0,0
419012208,3080255,2162719,458811,0.0,0.0,15,1,0,0,21,1,1,0,1,0,0,0,0,0,0,7,0,0,0,0,0,0,0,0
420016078,3080255,2162719,458811,0.0,0.0,15,1,0,0,21,1,1,0,1,0,0,0,0,0,0,7,0,0,0,0,0,0,0,0
421023231,3080255,2162719,458811,0.0,0.0,15,1,0,0,21,1,1,0,1,0,0,0,0,0,0,7,0,0,0,0,0,0,0,0
422028079,3080255,2162719,458811,0.0,0.0,15,1,0,0,21,1,1,0,1,0,0,0,0,0,0,7,0,0,0,0,0,0,0,0
422089729,3080255,2162719,458811,0.0,0.0,15,1,0,0,21,1,1,0,1,0,0,0,0,0,1,8,0,0,0,0,0,0,0,0
423097578,3080255,2162719,458811,0.0,0.0,15,1,0,0,21,1,1,0,1,0,0,0,0,0,1,8,0,0,0,0,0,0,0,0
424101687,3080255,2162719,458811,0.0,0.0,15,1,0,0,21,1,1,0,1,0,0,0,0,0,1,8,0,0,0,0,0,0,0,0
425111221,3080255,2162719,458811,0.0,0.0,15,1,0,0,21,1,1,0,1,0,0,0,0,0,1,8,0,0,0,0,0,0,0,0
426117595,3080255,2162719,458811,0.0,0.0,15,1,0,0,21,1,1,0,1,0,0,0,0,0,1,8,0,0,0,0,0,0,0,0
427125886,3080255,2162719,458811,0.0,0.0,15,1,0,0,21,1,1,0,1,0,0,0,0,0,1,8,0,0,0,0,0,0,0,0
428135283,3080255,2162719,458811,0.0,0.0,15,1,0,0,21,1,1,0,1,0,0,0,0,0,1,8,0,0,0,0,0,0,0,0
429143465,3080255,2162719,458811,0.0,0.0,15,1,0,0,21,1,1,0,1,0,0,0,0,0,1,8,0,0,0,0,0,0,0,0
429905857,3080255,2162719,458811,0.0,0.0,15,1,0,0,21,1,1,0,1,0,0,0,0,0,1,8,0,0,0,0,0,0,0,0
430907189,3080255,2162719,458811,0.0,0.0,15,1,0,0,21,1,1,0,1,0,0,0,0,0,1,8,0,0,0,0,0,0,0,0
431916879,3080255,2162719,458811,0.0,0.0,15,1,0,0,21,1,1,0,1,0,0,0,0,0,1,8,0,0,0,0,0,0,0,0
432917091,3080255,2162719,458811,0.0,0.0,15,1,0,0,21,1,1,0,1,0,0,0,0,0,1,8,0,0,0,0,0,0,0,0
433926422,3080255,2162719,458811,0.0,0.0,15,1,0,0,21,1,1,0,1,0,0,0,0,0,1,8,0,0,0,0,0,0,0,0
434931367,3080255,2162719,458811,0.0,0.0,15,1,0,0,21,1,1,0,1,0,0,0,0,0,1,8,0,0,0,0,0,0,0,0
435933541,3080255,2162719,458811,0.0,0.0,15,1,0,0,21,1,1,0,1,0,0,0,0,0,1,8,0,0,0,0,0,0,0,0
436938656,3080255,2162719,458811,0.0,0.0,15,1,0,0,21,1,1,0,1,0,0,0,0,0,1,8,0,0,0,0,0,0,0,0
437790635,3080255,2162719,458811,0.0,0.0,15,1,0,0,21,1,1,0,1,0,0,0,0,0,1,8,0,0,0,0,0,0,0,0
439794394,3080255,2162719,458811,0.0,0.0,15,1,0,0,21,1,1,0,1,0,0,0,0,0,1,8,0,0,0,0,0,0,0,0
440802611,3080255,2162719,458811,0.0,0.0,15,1,0,0,21,1,1,0,1,0,0,0,0,0,1,8,0,0,0,0,0,0,0,0
441811745,3080255,2162719,458811,0.0,0.0,15,1,0,0,21,1,1,0,1,0,0,0,0,0,1,8,0,0,0,0,0,0,0,0
442820159,3080255,2162719,458811,0.0,0.0,15,1,0,0,21,1,1,0,1,0,0,0,0,0,1,8,0,0,0,0,0,0,0,0
443822154,3080255,2162719,458811,0.0,0.0,15,1,0,0,21,1,1,0,1,0,0,0,0,0,1,8,0,0,0,0,0,0,0,0
444034394,3080255,2162719,458811,0.0,0.0,15,1,0,0,21,1,1,0,1,0,0,0,0,0,1,8,0,0,0,0,0,0,0,0
444058488,3080255,2162719,458811,0.0,0.0,15,1,0,0,21,1,1,0,1,0,0,0,0,0,1,8,0,0,0,0,0,0,0,0
444069133,3080255,2162719,458811,0.0,0.0,15,1,0,0,21,1,1,0,1,0,0,0,0,0,1,8,0,0,0,0,0,0,0,0
445070332,3080255,2162719,458811,0.0,0.0,15,1,0,0,21,1,1,0,1,0,0,0,0,0,1,8,0,0,0,0,0,0,0,0
446081090,3080255,2162719,458811,0.0,0.0,15,1,0,0,21,1,1,0,1,0,0,0,0,0,1,8,0,0,0,0,0,0,0,0
447089130,3080255,2162719,458811,0.0,0.0,15,1,0,0,21,1,1,0,1,0,0,0,0,0,1,8,0,0,0,0,0,0,0,0
448097709,3080255,2162719,458811,0.0,0.0,15,1,0,0,21,1,1,0,1,0,0,0,0,0,1,8,0,0,0,0,0,0,0,0
449102464,3080255,2162719,458811,0.0,0.0,15,1,0,0,21,1,1,0,1,0,0,0,0,0,1,8,0,0,0,0,0,0,0,0
450112557,3080255,2162719,458811,0.0,0.0,15,1,0,0,21,1,1,0,1,0,0,0,0,0,1,8,0,0,0,0,0,0,0,0
451112566,3080255,2162719,458811,0.0,0.0,15,1,0,0,21,1,1,0,1,0,0,0,0,0,1,8,0,0,0,0,0,0,0,0
452115205,3080255,2162719,458811,0.0,0.0,15,1,0,0,21,1,1,0,1,0,0,0,0,0,1,8,0,0,0,0,0,0,0,0
453115267,3080255,2162719,458811,0.0,0.0,15,1,0,0,21,1,1,0,1,0,0,0,0,0,1,8,0,0,0,0,0,0,0,0
454125229,3080255,2162719,458811,0.0,0.0,15,1,0,0,21,1,1,0,1,0,0,0,0,0,1,8,0,0,0,0,0,0,0,0
455133524,3080255,2162719,458811,0.0,0.0,15,1,0,0,21,1,1,0,1,0,0,0,0,0,1,8,0,0,0,0,0,0,0,0
456142187,3080255,2162719,458811,0.0,0.0,15,1,0,0,21,1,1,0,1,0,0,0,0,0,1,8,0,0,0,0,0,0,0,0
458149078,3080255,2162719,458811,0.0,0.0,15,1,0,0,21,1,1,0,1,0,0,0,0,0,1,8,0,0,0,0,0,0,0,0
458454165,3080255,2162719,458811,0.0,0.0,15,1,0,0,21,1,1,0,1,0,0,0,0,0,1,8,0,0,0,0,0,0,0,0
459465577,3080255,2162719,458811,0.0,0.0,15,1,0,0,21,1,1,0,1,0,0,0,0,0,1,8,0,0,0,0,0,0,0,0
460467154,3080255,2162719,458811,0.0,0.0,15,1,0,0,21,1,1,0,1,0,0,0,0,0,1,8,0,0,0,0,0,0,0,0
461467598,3080255,2162719,458811,0.0,0.0,15,1,0,0,21,1,1,0,1,0,0,0,0,0,1,8,0,0,0,0,0,0,0,0
462476411,3080255,2162719,458811,0.0,0.0,15,1,0,0,21,1,1,0,1,0,0,0,0,0,1,8,0,0,0,0,0,0,0,0
463485561,3080255,2162719,458811,0.0,0.0,15,1,0,0,21,1,1,0,1,0,0,0,0,0,1,8,0,0,0,0,0,0,0,0
464495777,3080255,2162719,458811,0.0,0.0,15,1,0,0,21,1,1,0,1,0,0,0,0,0,1,8,0,0,0,0,0,0,0,0
465500449,3080255,2162719,458811,0.0,0.0,15,1,0,0,21,1,1,0,1,0,0,0,0,0,1,8,0,0,0,0,0,0,0,0
466500858,3080255,2162719,458811,0.0,0.0,15,1,0,0,21,1,1,0,1,0,0,0,0,0,1,8,0,0,0,0,0,0,0,0
467501871,3080255,2162719,458811,0.0,0.0,15,1,0,0,21,1,1,0,1,0,0,0,0,0,1,8,0,0,0,0,0,0,0,0
468505133,3080255,2162719,458811,0.0,0.0,15,1,0,0,21,1,1,0,1,0,0,0,0,0,1,8,0,0,0,0,0,0,0,0
469508720,3080255,2162719,458811,0.0,0.0,15,1,0,0,21,1,1,0,1,0,0,0,0,0,1,8,0,0,0,0,0,0,0,0
470509047,3080255,2162719,458811,0.0,0.0,15,1,0,0,21,1,1,0,1,0,0,0,0,0,1,8,0,0,0,0,0,0,0,0
472520122,3080255,2162719,458811,0.0,0.0,15,1,0,0,21,1,1,0,1,0,0,0,0,0,1,8,0,0,0,0,0,0,0,0
473529181,3080255,2162719,458811,0.0,0.0,15,1,0,0,21,1,1,0,1,0,0,0,0,0,1,8,0,0,0,0,0,0,0,0
474538135,3080255,2162719,458811,0.0,0.0,15,1,0,0,21,1,1,0,1,0,0,0,0,0,1,8,0,0,0,0,0,0,0,0
475545091,3080255,2162719,458811,0.0,0.0,15,1,0,0,21,1,1,0,1,0,0,0,0,0,1,8,0,0,0,0,0,0,0,0
476556292,3080255,2162719,458811,0.0,0.0,15,1,0,0,21,1,1,0,1,0,0,0,0,0,1,8,0,0,0,0,0,0,0,0
477558634,3080255,2162719,458811,0.0,0.0,15,1,0,0,21,1,1,0,1,0,0,0,0,0,1,8,0,0,0,0,0,0,0,0
478563447,3080255,2162719,458811,0.0,0.0,15,1,0,0,21,1,1,0,1,0,0,0,0,0,1,8,0,0,0,0,0,0,0,0
479572097,3080255,2162719,458811,0.0,0.0,15,1,0,0,21,1,1,0,1,0,0,0,0,0,1,8,0,0,0,0,0,0,0,0
480577904,3080255,2162719,458811,0.0,0.0,15,1,0,0,21,1,1,0,1,0,0,0,0,0,1,8,0,0,0,0,0,0,0,0
481578551,3080255,2162719,458811,0.0,0.0,15,1,0,0,21,1,1,0,1,0,0,0,0,0,1,8,0,0,0,0,0,0,0,0
482579390,3080255,2162719,458811,0.0,0.0,15,1,0,0,21,1,1,0,1,0,0,0,0,0,1,8,0,0,0,0,0,0,0,0
483580223,3080255,2162719,458811,0.0,0.0,15,1,0,0,21,1,1,0,1,0,0,0,0,0,1,8,0,0,0,0,0,0,0,0
484589129,3080255,2162719,458811,0.0,0.0,15,1,0,0,21,1,1,0,1,0,0,0,0,0,1,8,0,0,0,0,0,0,0,0
485594641,3080255,2162719,458811,0.0,0.0,15,1,0,0,21,1,1,0,1,0,0,0,0,0,1,8,0,0,0,0,0,0,0,0
486597087,3080255,2162719,458811,0.0,0.0,15,1,0,0,21,1,1,0,1,0,0,0,0,0,1,8,0,0,0,0,0,0,0,0
487609491,3080255,2162719,458811,0.0,0.0,15,1,0,0,21,1,1,0,1,0,0,0,0,0,1,8,0,0,0,0,0,0,0,0
488612938,3080255,2162719,458811,0.0,0.0,15,1,0,0,21,1,1,0,1,0,0,0,0,0,1,8,0,0,0,0,0,0,0,0
489623384,3080255,2162719,458811,0.0,0.0,15,1,0,0,21,1,1,0,1,0,0,0,0,0,1,8,0,0,0,0,0,0,0,0
490623477,3080255,2162719,458811,0.0,0.0,15,1,0,0,21,1,1,0,1,0,0,0,0,0,1,8,0,0,0,0,0,0,0,0
492643783,3080255,2162719,458811,0.0,0.0,15,1,0,0,21,1,1,0,1,0,0,0,0,0,1,8,0,0,0,0,0,0,0,0
493647160,3080255,2162719,458811,0.0,0.0,15,1,0,0,21,1,1,0,1,0,0,0,0,0,1,8,0,0,0,0,0,0,0,0
494652765,3080255,2162719,458811,0.0,0.0,15,1,0,0,21,1,1,0,1,0,0,0,0,0,1,8,0,0,0,0,0,0,0,0
495652996,3080255,2162719,458811,0.0,0.0,15,1,0,0,21,1,1,0,1,0,0,0,0,0,1,8,0,0,0,0,0,0,0,0
496661388,3080255,2162719,458811,0.0,0.0,15,1,0,0,21,1,1,0,1,0,0,0,0,0,1,8,0,0,0,0,0,0,0,0
497664165,3080255,2162719,458811,0.0,0.0,15,1,0,0,21,1,1,0,1,0,0,0,0,0,1,8,0,0,0,0,0,0,0,0
498665154,3080255,2162719,458811,0.0,0.0,15,1,0,0,21,1,1,0,1,0,0,0,0,0,1,8,0,0,0,0,0,0,0,0
499673931,3080255,2162719,458811,0.0,0.0,15,1,0,0,21,1,1,0,1,0,0,0,0,0,1,8,0,0,0,0,0,0,0,0
500683161,3080255,2162719,458811,0.0,0.0,15,1,0,0,21,1,1,0,1,0,0,0,0,0,1,8,0,0,0,0,0,0,0,0
501685109,3080255,2162719,458811,0.0,0.0,15,1,0,0,21,1,1,0,1,0,0,0,0,0,1,8,0,0,0,0,0,0,0,0
502690640,3080255,2162719,458811,0.0,0.0,15,1,0,0,21,1,1,0,1,0,0,0,0,0,1,8,0,0,0,0,0,0,0,0
503698185,3080255,2162719,458811,0.0,0.0,15,1,0,0,21,1,1,0,1,0,0,0,0,0,1,8,0,0,0,0,0,0,0,0
504705028,3080255,2162719,458811,0.0,0.0,15,1,0,0,21,1,1,0,1,0,0,0,0,0,1,8,0,0,0,0,0,0,0,0
505709231,3080255,2162719,458811,0.0,0.0,15,1,0,0,21,1,1,0,1,0,0,0,0,0,1,8,0,0,0,0,0,0,0,0
506714048,3080255,2162719,458811,0.0,0.0,15,1,0,0,21,1,1,0,1,0,0,0,0,0,1,8,0,0,0,0,0,0,0,0
507715353,3080255,2162719,458811,0.0,0.0,15,1,0,0,21,1,1,0,1,0,0,0,0,0,1,8,0,0,0,0,0,0,0,0
508723544,3080255,2162719,458811,0.0,0.0,15,1,0,0,21,1,1,0,1,0,0,0,0,0,1,8,0,0,0,0,0,0,0,0
509726383,3080255,2162719,458811,0.0,0.0,15,1,0,0,21,1,1,0,1,0,0,0,0,0,1,8,0,0,0,0,0,0,0,0
510734823,3080255,2162719,458811,0.0,0.0,15,1,0,0,21,1,1,0,1,0,0,0,0,0,1,8,0,0,0,0,0,0,0,0
511739634,3080255,2162719,458811,0.0,0.0,15,1,0,0,21,1,1,0,1,0,0,0,0,0,1,8,0,0,0,0,0,0,0,0
512748732,3080255,2162719,458811,0.0,0.0,15,1,0,0,21,1,1,0,1,0,0,0,0,0,1,8,0,0,0,0,0,0,0,0
513752175,3080255,2162719,458811,0.0,0.0,15,1,0,0,21,1,1,0,1,0,0,0,0,0,1,8,0,0,0,0,0,0,0,0
514763475,3080255,2162719,458811,0.0,0.0,15,1,0,0,21,1,1,0,1,0,0,0,0,0,1,8,0,0,0,0,0,0,0,0
515774182,3080255,2162719,458811,0.0,0.0,15,1,0,0,21,1,1,0,1,0,0,0,0,0,1,8,0,0,0,0,0,0,0,0
516787591,3080255,2162719,458811,0.0,0.0,15,1,0,0,21,1,1,0,1,0,0,0,0,0,1,8,0,0,0,0,0,0,0,0
517793953,3080255,2162719,458811,0.0,0.0,15,1,0,0,21,1,1,0,1,0,0,0,0,0,1,8,0,0,0,0,0,0,0,0
518799287,3080255,2162719,458811,0.0,0.0,15,1,0,0,21,1,1,0,1,0,0,0,0,0,1,8,0,0,0,0,0,0,0,0
520810383,3080255,2162719,458811,0.0,0.0,15,1,0,0,21,1,1,0,1,0,0,0,0,0,1,8,0,0,0,0,0,0,0,0
521811285,3080255,2162719,458811,0.0,0.0,15,1,0,0,21,1,1,0,1,0,0,0,0,0,1,8,0,0,0,0,0,0,0,0
522816524,3080255,2162719,458811,0.0,0.0,15,1,0,0,21,1,1,0,1,0,0,0,0,0,1,8,0,0,0,0,0,0,0,0
523817110,3080255,2162719,458811,0.0,0.0,15,1,0,0,21,1,1,0,1,0,0,0,0,0,1,8,0,0,0,0,0,0,0,0
524823179,3080255,2162719,458811,0.0,0.0,15,1,0,0,21,1,1,0,1,0,0,0,0,0,1,8,0,0,0,0,0,0,0,0
525833091,3080255,2162719,458811,0.0,0.0,15,1,0,0,21,1,1,0,1,0,0,0,0,0,1,8,0,0,0,0,0,0,0,0
526836151,3080255,2162719,458811,0.0,0.0,15,1,0,0,21,1,1,0,1,0,0,0,0,0,1,8,0,0,0,0,0,0,0,0
527837141,3080255,2162719,458811,0.0,0.0,15,1,0,0,21,1,1,0,1,0,0,0,0,0,1,8,0,0,0,0,0,0,0,0
528843198,3080255,2162719,458811,0.0,0.0,15,1,0,0,21,1,1,0,1,0,0,0,0,0,1,8,0,0,0,0,0,0,0,0
529852088,3080255,2162719,458811,0.0,0.0,15,1,0,0,21,1,1,0,1,0,0,0,0,0,1,8,0,0,0,0,0,0,0,0
531863170,3080255,2162719,458811,0.0,0.0,15,1,0,0,21,1,1,0,1,0,0,0,0,0,1,8,0,0,0,0,0,0,0,0
532872548,3080255,2162719,458811,0.0,0.0,15,1,0,0,21,1,1,0,1,0,0,0,0,0,1,8,0,0,0,0,0,0,0,0
533879801,3080255,2162719,458811,0.0,0.0,15,1,0,0,21,1,1,0,1,0,0,0,0,0,1,8,0,0,0,0,0,0,0,0
534887789,3080255,2162719,458811,0.0,0.0,15,1,0,0,21,1,1,0,1,0,0,0,0,0,1,8,0,0,0,0,0,0,0,0
535892078,3080255,2162719,458811,0.0,0.0,15,1,0,0,21,1,1,0,1,0,0,0,0,0,1,8,0,0,0,0,0,0,0,0
536902644,3080255,2162719,458811,0.0,0.0,15,1,0,0,21,1,1,0,1,0,0,0,0,0,1,8,0,0,0,0,0,0,0,0
537904215,3080255,2162719,458811,0.0,0.0,15,1,0,0,21,1,1,0,1,0,0,0,0,0,1,8,0,0,0,0,0,0,0,0
