timestamp,time_utc_usec,lat,lon,alt,alt_ellipsoid,s_variance_m_s,c_variance_rad,eph,epv,hdop,vdop,noise_per_ms,jamming_indicator,vel_m_s,vel_n_m_s,vel_e_m_s,vel_d_m_s,cog_rad,timestamp_time_relative,heading,heading_offset,fix_type,vel_ned_valid,satellites_used
273264899,1606917490600480,490896778,21104098,85773,131799,0.23600002,0.7433807,0.708,1.018,1.1,1.42,101,61,0.056,0.031000001,-0.046000004,0.035,2.8922417,0,nan,0.0,4,1,12
273469046,1606917490800480,490896779,21104097,85769,131795,0.25300002,0.74339014,0.70900005,1.0200001,1.1,1.4499999,101,61,0.081,0.078,-0.022000002,0.015000001,2.8922417,0,nan,0.0,4,1,11
273672119,1606917491000480,490896780,21104096,85764,131790,0.28,0.74340045,0.71000004,1.0220001,1.1,1.42,101,61,0.054,0.048,0.024,-0.014,2.8922417,0,nan,0.0,4,1,12
273861097,1606917491200480,490896779,21104096,85759,131785,0.25500003,0.7434099,0.711,1.024,1.1,1.4499999,101,61,0.048,-0.037,-0.031000001,-0.002,2.8922417,0,nan,0.0,4,1,11
274068106,1606917491400480,490896779,21104096,85764,131789,0.28,0.7434202,0.712,1.026,1.1,1.42,101,61,0.058000002,0.038000003,0.044000003,-0.028,2.8922417,0,nan,0.0,4,1,12
274272209,1606917491600480,490896780,21104096,85783,131809,0.27800003,0.74343044,0.71300006,1.028,1.1,1.42,101,64,0.080000006,0.07700001,0.023000002,-0.014,2.8922417,0,nan,0.0,4,1,12
274470314,1606917491800480,490896781,21104095,85784,131810,0.238,0.7434392,0.71400005,1.0300001,1.1,1.4499999,101,64,0.052,-0.036000002,-0.038000003,-0.013,2.8922417,0,nan,0.0,4,1,11
274670321,1606917492000479,490896780,21104094,85780,131806,0.303,0.74345034,0.71400005,1.031,1.1,1.4499999,101,64,0.022000002,0.018000001,0.012,-0.029000001,2.8922417,0,nan,0.0,4,1,11
274870309,1606917492200479,490896781,21104093,85793,131819,0.26500002,0.7434601,0.71500003,1.0320001,1.1,1.4499999,101,64,0.083000004,0.078,-0.029000001,-0.033,2.8922417,0,nan,0.0,4,1,11
275070170,1606917492400479,490896780,21104092,85774,131800,0.25,0.74346936,0.716,1.0320001,1.1,1.4499999,101,64,0.055000003,-0.054,0.010000001,-0.010000001,2.8922417,0,nan,0.0,4,1,11
275268807,1606917492600479,490896779,21104092,85752,131778,0.296,0.7434802,0.717,1.0350001,1.1,1.4499999,101,64,0.017,-0.011000001,-0.013,0.013,2.8922417,0,nan,0.0,4,1,11
275467717,1606917492800479,490896780,21104091,85755,131780,0.25800002,0.7434898,0.717,1.036,1.1,1.4499999,101,64,0.045,0.035,-0.028,-0.027,2.8922417,0,nan,0.0,4,1,11
275671256,1606917493000479,490896780,21104091,85744,131769,0.275,0.74349993,0.71800005,1.0370001,1.1,1.4499999,101,64,0.061000004,0.026,0.055000003,-0.041,2.8922417,0,nan,0.0,4,1,11
275872048,1606917493200479,490896779,21104091,85762,131788,0.279,0.7435102,0.71900004,1.0380001,1.1,1.4499999,101,64,0.053000003,-0.051000003,-0.017,0.011000001,2.8922417,0,nan,0.0,4,1,11
276071120,1606917493400479,490896779,21104090,85776,131801,0.266,0.74351996,0.71900004,1.039,1.1,1.4499999,101,64,0.020000001,-0.018000001,0.008,-0.031000001,2.8922417,0,nan,0.0,4,1,11
276277132,1606917493600479,490896779,21104090,85781,131807,0.30600002,0.74353135,0.72,1.041,1.1,1.4499999,101,64,0.063,0.062000003,0.011000001,-0.066,2.8922417,0,nan,0.0,4,1,11
276466051,1606917493800479,490896779,21104089,85775,131801,0.303,0.7435425,0.721,1.0430001,1.1,1.4499999,101,64,0.028,0.028,0.0,-0.057000004,2.8922417,0,nan,0.0,4,1,11
276673208,1606917494000479,490896778,21104089,85765,131791,0.246,0.74355155,0.72200006,1.044,1.1,1.4499999,101,64,0.043,-0.039,-0.018000001,-0.019000001,2.8922417,0,nan,0.0,4,1,11
276869100,1606917494200479,490896777,21104088,85756,131782,0.24200001,0.7435605,0.72300005,1.044,1.1,1.4499999,101,64,0.027,0.024,-0.012,0.003,2.8922417,0,nan,0.0,4,1,11
277072097,1606917494400479,490896777,21104087,85757,131782,0.30100003,0.74357146,0.72300005,1.0450001,1.1,1.4499999,101,64,0.022000002,0.014,0.017,-0.033,2.8922417,0,nan,0.0,4,1,11
277274402,1606917494600478,490896777,21104087,85746,131772,0.264,0.74358124,0.72400004,1.046,1.1,1.4499999,101,64,0.016,0.016,-0.002,0.038000003,2.8922417,0,nan,0.0,4,1,11
277470409,1606917494800478,490896776,21104087,85734,131759,0.27,0.7435912,0.725,1.046,1.1,1.4499999,101,64,0.019000001,-0.006,-0.019000001,-0.075,2.8922417,0,nan,0.0,4,1,11
277675229,1606917495000478,490896777,21104086,85754,131780,0.294,0.74360204,0.725,1.047,1.1,1.4499999,101,64,0.056,0.053000003,0.019000001,-0.026,2.8922417,0,nan,0.0,4,1,11
277873049,1606917495200478,490896776,21104085,85740,131765,0.291,0.7436128,0.726,1.0480001,1.1,1.4499999,101,64,0.021000002,-0.016,-0.014,0.012,2.8922417,0,nan,0.0,4,1,11
278073158,1606917495400478,490896776,21104085,85758,131783,0.29000002,0.7436235,0.726,1.0480001,1.1,1.4499999,101,64,0.017,0.015000001,0.009000001,-0.074,2.8922417,0,nan,0.0,4,1,11
279270278,1606917496600478,490896774,21104083,85749,131775,0.272,0.74368334,0.72800004,1.049,1.1,1.4499999,100,64,0.009000001,-0.008,-0.003,-0.052,2.8922417,0,nan,0.0,4,1,11
279469346,1606917496800478,490896774,21104082,85751,131777,0.27100003,0.7436933,0.72900003,1.0500001,1.1,1.4499999,100,64,0.059000004,0.058000002,-0.012,-0.017,2.8922417,0,nan,0.0,4,1,11
279669349,1606917497000478,490896774,21104081,85744,131770,0.26200002,0.74370307,0.72900003,1.051,1.1,1.4499999,100,64,0.007,0.0,0.007,-0.019000001,2.8922417,0,nan,0.0,4,1,11
279873221,1606917497200477,490896774,21104080,85753,131778,0.3,0.7437141,0.72900003,1.051,1.1,1.4499999,100,64,0.074,-0.067,-0.032,0.060000002,2.8922417,0,nan,0.0,4,1,11
280073056,1606917497400477,490896773,21104079,85744,131769,0.29000002,0.7437247,0.73,1.051,1.1,1.4499999,100,64,0.045,-0.044000003,0.0050000004,0.034,2.8922417,0,nan,0.0,4,1,11
280267542,1606917497600477,490896772,21104078,85746,131772,0.291,0.7437354,0.73,1.051,1.1,1.4499999,100,64,0.017,-0.017,-0.002,0.104,2.8922417,0,nan,0.0,4,1,11
280468123,1606917497800477,490896772,21104076,85744,131770,0.21100001,0.74374324,0.73,1.052,1.1,1.4499999,100,64,0.025,-0.006,-0.025,-0.006,2.8922417,0,nan,0.0,4,1,11
280670163,1606917498000477,490896773,21104076,85753,131779,0.27,0.74375314,0.731,1.052,1.1,1.4399999,100,64,0.033,-0.009000001,0.031000001,0.097,2.8922417,0,nan,0.0,4,1,11
280870049,1606917498200477,490896772,21104075,85737,131763,0.296,0.743764,0.731,1.0530001,1.1,1.4399999,100,64,0.027,-0.010000001,-0.025,0.091000006,2.8922417,0,nan,0.0,4,1,11
281069053,1606917498400477,490896773,21104074,85750,131775,0.294,0.74377483,0.731,1.0530001,1.1,1.4399999,100,64,0.014,0.012,0.007,-0.008,2.8922417,0,nan,0.0,4,1,11
281269483,1606917498600477,490896772,21104073,85756,131782,0.24100001,0.7437837,0.73200005,1.054,1.1,1.4399999,100,62,0.030000001,-0.025,0.016,-0.004,2.8922417,0,nan,0.0,4,1,11
281469133,1606917498800477,490896772,21104072,85775,131801,0.25300002,0.74379295,0.73200005,1.0550001,1.1,1.4399999,100,62,0.018000001,-0.016,0.007,0.001,2.8922417,0,nan,0.0,4,1,11
281664098,1606917499000477,490896772,21104072,85779,131804,0.25100002,0.7438022,0.73300004,1.057,1.1,1.4399999,100,62,0.039,0.039,0.003,0.026,2.8922417,0,nan,0.0,4,1,11
281867165,1606917499200477,490896772,21104071,85782,131808,0.25300002,0.7438116,0.73300004,1.0580001,1.1,1.4399999,100,62,0.080000006,-0.079,0.013,-0.030000001,2.8922417,0,nan,0.0,4,1,11
282069133,1606917499400477,490896771,21104070,85787,131812,0.254,0.7438209,0.73300004,1.059,1.1,1.4399999,100,62,0.053000003,0.05,-0.017,0.004,2.8922417,0,nan,0.0,4,1,11
282269100,1606917499600477,490896770,21104070,85774,131799,0.29700002,0.7438319,0.734,1.0600001,1.1,1.4399999,100,64,0.020000001,0.020000001,0.004,-0.082,2.8922417,0,nan,0.0,4,1,11
282469156,1606917499800476,490896770,21104069,85778,131803,0.259,0.74384147,0.734,1.0610001,1.1,1.4399999,100,64,0.033,0.023000002,-0.024,-0.033,2.8922417,0,nan,0.0,4,1,11
282672169,1606917500000476,490896769,21104069,85775,131800,0.293,0.74385214,0.734,1.0610001,1.1,1.4399999,100,64,0.046000004,-0.045,0.0050000004,0.055000003,2.8922417,0,nan,0.0,4,1,11
282868094,1606917500200476,490896768,21104068,85765,131790,0.275,0.7438623,0.735,1.062,1.1,1.4399999,100,64,0.051000003,-0.025,-0.044000003,0.031000001,2.8922417,0,nan,0.0,4,1,11
283071246,1606917500400476,490896767,21104067,85753,131779,0.25100002,0.7438717,0.735,1.0630001,1.1,1.4399999,100,64,0.053000003,0.052,0.004,0.027,2.8922417,0,nan,0.0,4,1,11
283270168,1606917500600476,490896768,21104067,85768,131794,0.261,0.7438813,0.735,1.0630001,1.1,1.4399999,100,64,0.028,0.023000002,0.016,-0.001,2.8922417,0,nan,0.0,4,1,11
283468272,1606917500800476,490896768,21104068,85762,131787,0.261,0.7438909,0.735,1.064,1.1,1.4399999,100,64,0.019000001,0.019000001,0.0050000004,0.041,2.8922417,0,nan,0.0,4,1,11
283670776,1606917501000476,490896768,21104067,85765,131790,0.26500002,0.74390066,0.73600006,1.064,1.1,1.4399999,100,64,0.027,-0.007,-0.026,0.017,2.8922417,0,nan,0.0,4,1,11
283869134,1606917501200476,490896768,21104067,85757,131783,0.29500002,0.7439116,0.735,1.065,1.1,1.4399999,100,64,0.047000002,-0.044000003,-0.016,0.071,2.8922417,0,nan,0.0,4,1,11
284072061,1606917501400476,490896768,21104066,85754,131779,0.24800001,0.74392074,0.735,1.0660001,1.1,1.4399999,100,64,0.030000001,0.021000002,-0.021000002,0.022000002,2.8922417,0,nan,0.0,4,1,11
284265063,1606917501600476,490896768,21104064,85728,131753,0.287,0.74393135,0.735,1.0660001,1.1,1.4399999,100,64,0.026,-0.0050000004,-0.025,0.078,2.8922417,0,nan,0.0,4,1,11
284472067,1606917501800476,490896768,21104064,85720,131745,0.245,0.7439404,0.735,1.0660001,1.1,1.4399999,100,64,0.023000002,0.022000002,0.008,0.026,2.8922417,0,nan,0.0,4,1,11
284671468,1606917502000476,490896769,21104063,85713,131738,0.25300002,0.7439497,0.735,1.0660001,1.1,1.4399999,100,64,0.021000002,0.021000002,0.0,0.032,2.8922417,0,nan,0.0,4,1,11
284875197,1606917502200476,490896771,21104062,85683,131709,0.24700001,0.7439588,0.72700006,1.057,1.1,1.4399999,100,64,0.080000006,0.079,-0.015000001,0.027,2.8922417,0,nan,0.0,4,1,11
285071239,1606917502400475,490896775,21104062,85683,131709,0.256,0.7439682,0.71900004,1.0480001,1.1,1.4399999,100,64,0.025,0.025,0.002,0.048,2.8922417,0,nan,0.0,4,1,11
285270060,1606917502600475,490896777,21104061,85667,131692,0.254,0.7439776,0.712,1.041,1.1,1.4399999,100,64,0.017,-0.0050000004,0.016,0.026,2.8922417,0,nan,0.0,4,1,11
285470210,1606917502800475,490896780,21104061,85672,131697,0.24000001,0.7439865,0.70600003,1.034,1.1,1.4399999,100,64,0.033,0.020000001,-0.027,0.026,2.8922417,0,nan,0.0,4,1,11
285668096,1606917503000475,490896782,21104060,85667,131693,0.291,0.74399716,0.70100003,1.0270001,1.1,1.4399999,100,64,0.028,-0.028,0.0,0.063,2.8922417,0,nan,0.0,4,1,11
285872280,1606917503200475,490896784,21104060,85685,131711,0.27100003,0.7440071,0.69500005,1.021,1.1,1.4399999,100,64,0.007,-0.006,-0.004,-0.072000004,2.8922417,0,nan,0.0,4,1,11
286072256,1606917503400475,490896786,21104060,85692,131718,0.257,0.7440167,0.69000006,1.0150001,1.1,1.4399999,100,64,0.040000003,-0.035,-0.020000001,-0.095000006,2.8922417,0,nan,0.0,4,1,11
286268123,1606917503600475,490896787,21104059,85703,131729,0.27600002,0.74402684,0.68600005,1.0090001,1.1,1.4399999,100,66,0.013,0.009000001,-0.009000001,-0.041,2.8922417,0,nan,0.0,4,1,11
286465248,1606917503800475,490896788,21104059,85691,131717,0.279,0.74403715,0.68100005,1.0040001,1.1,1.4399999,100,66,0.048,0.047000002,-0.010000001,-0.034,2.8922417,0,nan,0.0,4,1,11
286671136,1606917504000475,490896790,21104059,85679,131705,0.28100002,0.7440476,0.67700005,1.0,1.1,1.4399999,100,66,0.079,0.076000005,0.023000002,-0.032,2.8922417,0,nan,0.0,4,1,11
286862464,1606917504200475,490896790,21104059,85651,131676,0.289,0.7440581,0.674,0.99500006,1.1,1.4399999,100,66,0.0050000004,-0.002,-0.0050000004,0.046000004,2.8922417,0,nan,0.0,4,1,11
287069049,1606917504400475,490896791,21104059,85655,131680,0.208,0.74406576,0.67,0.99100006,1.1,1.4399999,100,66,0.033,0.0,-0.033,0.0050000004,2.8922417,0,nan,0.0,4,1,11
287273132,1606917504600475,490896790,21104058,85624,131650,0.28100002,0.7440761,0.66700006,0.98700005,1.1,1.4399999,100,64,0.011000001,0.002,-0.011000001,0.054,2.8922417,0,nan,0.0,4,1,11
287467202,1606917504800475,490896791,21104058,85623,131649,0.287,0.7440867,0.66400003,0.98300004,1.1,1.4399999,100,64,0.012,0.012,0.0,-0.035,2.8922417,0,nan,0.0,4,1,11
287672059,1606917505000474,490896792,21104059,85642,131667,0.23,0.74409527,0.661,0.98100007,1.1,1.4399999,100,64,0.024,0.020000001,-0.014,0.007,2.8922417,0,nan,0.0,4,1,11
287872056,1606917505200474,490896794,21104059,85659,131684,0.29200003,0.74410605,0.65800005,0.9760001,1.1,1.4399999,100,64,0.056,0.054,0.016,-0.087000005,2.8922417,0,nan,0.0,4,1,11
288069120,1606917505400474,490896796,21104058,85679,131705,0.287,0.74411654,0.65500003,0.97200006,1.1,1.4399999,100,64,0.013,0.010000001,0.009000001,-0.079,2.8922417,0,nan,0.0,4,1,11
288269575,1606917505600474,490896797,21104059,85706,131731,0.28500003,0.74412704,0.65300006,0.96800005,1.1,1.4399999,99,65,0.029000001,0.017,0.023000002,-0.057000004,2.8922417,0,nan,0.0,4,1,11
288466152,1606917505800474,490896799,21104059,85712,131737,0.29000002,0.7441378,0.65000004,0.966,1.1,1.4399999,99,65,0.046000004,0.046000004,-0.003,-0.064,2.8922417,0,nan,0.0,4,1,11
288669028,1606917506000474,490896801,21104059,85725,131750,0.25500003,0.74414724,0.648,0.96300006,1.1,1.4399999,99,65,0.017,0.0050000004,-0.016,-0.031000001,2.8922417,0,nan,0.0,4,1,11
288865088,1606917506200474,490896802,21104058,85736,131761,0.245,0.7441562,0.646,0.96000004,1.1,1.4399999,99,65,0.024,-0.024,-0.006,-0.022000002,2.8922417,0,nan,0.0,4,1,11
289065051,1606917506400474,490896803,21104058,85750,131775,0.275,0.74416643,0.64400005,0.957,1.1,1.4399999,99,65,0.061000004,0.060000002,-0.012,-0.033,2.8922417,0,nan,0.0,4,1,11
289266417,1606917506600474,490896804,21104057,85763,131789,0.24000001,0.7441752,0.642,0.95400006,1.1,1.4399999,99,64,0.015000001,0.012,0.008,0.0050000004,2.8922417,0,nan,0.0,4,1,11
289458325,1606917506800474,490896804,21104057,85733,131759,0.24800001,0.74418443,0.64000005,0.95100003,1.1,1.4399999,99,64,0.035,0.035,0.0,0.013,2.8922417,0,nan,0.0,4,1,11
289662629,1606917507000474,490896804,21104056,85715,131741,0.24400002,0.7441933,0.638,0.9480001,1.1,1.4399999,99,64,0.033,-0.032,0.008,-0.016,2.8922417,0,nan,0.0,4,1,11
289865645,1606917507200474,490896804,21104056,85722,131748,0.21200001,0.7442012,0.63600004,0.94600004,1.1,1.4399999,99,64,0.044000003,-0.024,0.037,0.001,2.8922417,0,nan,0.0,4,1,11
290064358,1606917507400474,490896803,21104056,85718,131743,0.293,0.74421185,0.63500005,0.943,1.1,1.4399999,99,64,0.048,-0.048,-0.001,0.061000004,2.8922417,0,nan,0.0,4,1,11
290268085,1606917507600473,490896803,21104056,85705,131731,0.254,0.74422127,0.633,0.94100004,1.1,1.4399999,99,64,0.023000002,0.022000002,-0.006,0.033,2.8922417,0,nan,0.0,4,1,11
290468057,1606917507800473,490896804,21104056,85692,131717,0.257,0.7442307,0.63100004,0.93900007,1.1,1.4399999,99,64,0.05,0.028,0.041,0.133,2.8922417,0,nan,0.0,4,1,11
290670744,1606917508000473,490896804,21104056,85663,131688,0.29200003,0.74424154,0.63000005,0.93600005,1.09,1.42,99,64,0.011000001,-0.010000001,-0.0050000004,0.015000001,2.8922417,0,nan,0.0,4,1,12
291266363,1606917508600473,490896805,21104056,85652,131678,0.287,0.74426854,0.62600005,0.93100005,1.09,1.42,99,65,0.039,0.038000003,0.010000001,-0.023000002,2.8922417,0,nan,0.0,4,1,12
291465513,1606917508800473,490896805,21104055,85646,131672,0.24100001,0.7442773,0.624,0.929,1.09,1.42,99,65,0.047000002,0.041,-0.023000002,-0.004,2.8922417,0,nan,0.0,4,1,12
291668100,1606917509000473,490896806,21104054,85647,131673,0.25500003,0.7442867,0.623,0.92700005,1.09,1.42,99,65,0.035,-0.016,-0.031000001,0.017,2.8922417,0,nan,0.0,4,1,12
291868083,1606917509200473,490896805,21104052,85636,131661,0.23,0.74429524,0.62100005,0.92200005,1.09,1.42,99,65,0.009000001,0.002,-0.008,0.006,2.8922417,0,nan,0.0,4,1,12
292058684,1606917509400473,490896806,21104052,85646,131671,0.27400002,0.7443054,0.619,0.92,1.09,1.42,99,65,0.036000002,0.026,0.025,-0.020000001,2.8922417,0,nan,0.0,4,1,12
292268096,1606917509600473,490896806,21104052,85640,131666,0.259,0.74431497,0.61800003,0.919,1.09,1.42,99,66,0.012,0.006,0.010000001,-0.0050000004,2.8922417,0,nan,0.0,4,1,12
292468186,1606917509800473,490896806,21104052,85636,131661,0.29500002,0.7443258,0.61800003,0.91800004,1.09,1.42,99,66,0.020000001,0.020000001,0.004,-0.035,2.8922417,0,nan,0.0,4,1,12
292670599,1606917510000473,490896806,21104052,85620,131646,0.26200002,0.7443354,0.61700004,0.91700006,1.09,1.42,99,66,0.021000002,-0.015000001,-0.014,-0.066,2.8922417,0,nan,0.0,4,1,12
292869432,1606917510200473,490896806,21104051,85609,131635,0.26200002,0.7443452,0.614,0.91300005,1.09,1.42,99,66,0.009000001,0.0050000004,0.008,0.039,2.8922417,0,nan,0.0,4,1,12
293071431,1606917510400472,490896806,21104050,85582,131608,0.21200001,0.7443529,0.611,0.91,1.09,1.42,99,66,0.015000001,-0.006,-0.014,-0.003,2.8922417,0,nan,0.0,4,1,12
293271766,1606917510600472,490896806,21104048,85545,131570,0.245,0.74436194,0.609,0.906,1.09,1.42,99,65,0.045,0.045,-0.003,0.028,2.8922417,0,nan,0.0,4,1,12
293467789,1606917510800472,490896806,21104046,85556,131581,0.18800001,0.7443689,0.605,0.90000004,1.09,1.42,99,65,0.047000002,0.003,-0.047000002,-0.020000001,2.8922417,0,nan,0.0,4,1,12
293667197,1606917511000472,490896806,21104042,85590,131615,0.254,0.7443783,0.597,0.887,1.09,1.42,99,65,0.034,-0.004,0.034,-0.085,2.8922417,0,nan,0.0,4,1,12
293870050,1606917511200472,490896805,21104040,85595,131620,0.272,0.7443883,0.58900005,0.87500006,1.09,1.42,99,65,0.051000003,0.047000002,0.019000001,-0.049000002,2.8922417,0,nan,0.0,4,1,12
294071101,1606917511400472,490896806,21104037,85597,131622,0.24000001,0.74439716,0.582,0.864,1.09,1.42,99,65,0.119,0.11100001,-0.041,-0.026,2.8922417,0,nan,0.0,4,1,12
294265222,1606917511600472,490896806,21104037,85601,131626,0.238,0.7444059,0.57600003,0.85400003,1.09,1.42,99,79,0.13900001,0.085,0.11000001,-0.09200001,2.8922417,0,nan,0.0,4,1,12
294465174,1606917511800472,490896811,21104038,85599,131624,0.231,0.38424903,0.57000005,0.845,1.09,1.42,99,79,0.416,0.395,0.132,0.009000001,0.86245,0,nan,0.0,4,1,12
294661092,1606917512000472,490896823,21104048,85581,131607,0.22700001,0.17878331,0.564,0.83900005,1.09,1.42,99,79,0.95000005,0.85400003,0.41700003,0.048,0.52697545,0,nan,0.0,4,1,12
294864133,1606917512200472,490896842,21104059,85601,131626,0.23,0.12144663,0.56,0.83100003,1.09,1.42,99,79,1.4260001,1.271,0.647,0.083000004,0.48867854,0,nan,0.0,4,1,12
295063236,1606917512400472,490896869,21104073,85604,131630,0.22500001,0.09526024,0.55700004,0.82600003,1.09,1.42,99,79,1.7390001,1.6170001,0.64000005,0.231,0.41929665,0,nan,0.0,4,1,12
295267268,1606917512600472,490896900,21104091,85620,131645,0.246,0.08409223,0.555,0.82100004,1.09,1.42,99,73,2.0440001,1.8440001,0.882,-0.272,0.43451366,0,nan,0.0,4,1,12
295466054,1606917512800472,490896938,21104113,85660,131685,0.24400002,0.06392146,0.554,0.81600004,1.09,1.42,99,73,2.5770001,2.3960001,0.947,-0.19500001,0.39738142,0,nan,0.0,4,1,12
295665202,1606917513000471,490896986,21104142,85667,131692,0.231,0.05060739,0.55200005,0.81100005,1.09,1.42,99,73,3.2670002,3.0040002,1.2850001,0.15100001,0.40154928,0,nan,0.0,4,1,12
295869049,1606917513200471,490897042,21104182,85630,131656,0.22800002,0.05197084,0.551,0.808,1.09,1.42,99,73,3.765,3.3130002,1.789,0.136,0.44883984,0,nan,0.0,4,1,12
296068091,1606917513400471,490897107,21104235,85616,131641,0.25500003,0.044627193,0.551,0.81000006,1.09,1.42,99,73,4.487,3.9730003,2.0870001,-0.091000006,0.46963438,0,nan,0.0,4,1,12
296273096,1606917513600471,490897184,21104299,85633,131659,0.298,0.039446883,0.554,0.81200004,1.09,1.42,99,87,5.269,4.6200004,2.5340002,-0.080000006,0.4886513,0,nan,0.0,4,1,12
296468077,1606917513800471,490897276,21104380,85600,131626,0.365,0.03211685,0.56,0.81600004,1.09,1.42,99,87,6.6070004,5.7250004,3.298,-0.013,0.5107929,0,nan,0.0,4,1,12
296671203,1606917514000471,490897383,21104477,85659,131684,0.39800003,0.029282434,0.568,0.81900007,1.09,1.42,99,87,7.0660005,6.0340004,3.6770003,-0.038000003,0.533526,0,nan,0.0,4,1,12
296871127,1606917514200471,490897499,21104586,85682,131708,0.469,0.02814221,0.578,0.82600003,1.09,1.42,99,87,7.8280005,6.5740004,4.25,0.263,0.5585322,0,nan,0.0,4,1,12
297065736,1606917514400471,490897624,21104709,85713,131738,0.48100004,0.024705833,0.591,0.836,1.09,1.42,99,87,8.663,7.2720003,4.708,-0.328,0.5745603,0,nan,0.0,4,1,12
297261145,1606917514600471,490897768,21104853,85765,131790,0.44500002,0.01952552,0.60200006,0.84300005,1.09,1.42,100,83,10.133,8.351001,5.7390003,0.18900001,0.60213315,0,nan,0.0,4,1,12
297468893,1606917514800471,490897925,21105021,85813,131839,0.425,0.019976513,0.61200005,0.85400003,1.09,1.42,100,83,10.997001,8.956,6.3820004,-0.20700002,0.6191433,0,nan,0.0,4,1,12
297672046,1606917515000471,490898092,21105208,85849,131874,0.386,0.017314887,0.619,0.86200005,1.09,1.42,100,83,11.911,9.599001,7.0520005,-0.61800003,0.63361347,0,nan,0.0,4,1,12
297868207,1606917515200471,490898277,21105410,85947,131972,0.44000003,0.013103233,0.62700003,0.869,1.09,1.42,100,83,13.321001,10.839001,7.7430005,-0.512,0.62032944,0,nan,0.0,4,1,12
298072196,1606917515400471,490898480,21105631,86032,132058,0.448,0.012482769,0.63600004,0.87600005,1.09,1.42,100,83,14.405001,11.717001,8.38,-0.41500002,0.62082475,0,nan,0.0,4,1,12
298270295,1606917515600470,490898701,21105869,86045,132071,0.34,0.011504686,0.64400005,0.883,1.09,1.42,100,100,15.716001,12.929001,8.934,-0.54,0.6046757,0,nan,0.0,4,1,12
298469392,1606917515800470,490898943,21106116,86243,132269,0.36600003,0.013049477,0.651,0.88500005,1.09,1.42,100,100,16.708,13.999001,9.120001,-1.4670001,0.57741576,0,nan,0.0,4,1,12
298673098,1606917516000470,490899209,21106345,86867,132892,0.365,0.012840561,0.65800005,0.8880001,1.09,1.42,100,100,17.077002,15.219001,7.7460003,-3.311,0.47079277,0,nan,0.0,4,1,12
298865123,1606917516200470,490899494,21106531,87911,133936,0.386,0.010871306,0.66400003,0.89800006,1.09,1.42,100,100,16.952002,15.938001,5.7730002,-5.6660004,0.34750864,0,nan,0.0,4,1,12
299068045,1606917516400470,490899783,21106660,89228,135254,0.46400002,0.013588609,0.67200005,0.90900004,1.09,1.42,100,100,16.562,16.214,3.3790002,-6.833,0.20545317,0,nan,0.0,4,1,12
299854107,1606917517200470,490901056,21106853,92424,138450,0.71900004,0.01578912,0.739,0.95300007,1.09,1.42,100,95,19.095001,19.082,0.68,-0.47000003,0.035605587,0,nan,0.0,4,1,12
300063271,1606917517400470,490901414,21106860,92272,138297,0.55700004,0.015419459,0.76600003,0.97200006,1.09,1.42,100,95,20.03,20.03,0.016,1.366,0.0008223991,0,nan,0.0,4,1,12
300261108,1606917517600470,490901778,21106855,91921,137947,0.39800003,0.0124970805,0.776,0.98700005,1.09,1.42,100,75,20.616001,20.614,-0.279,1.7340001,6.269655,0,nan,0.0,4,1,12
300460406,1606917517800470,490902154,21106831,91737,137763,0.39900002,0.014284995,0.78400004,1.0020001,1.09,1.42,100,75,21.648,21.607,-1.335,-0.26900002,6.2214937,0,nan,0.0,4,1,12
300664219,1606917518000470,490902540,21106767,91955,137980,0.549,0.020142145,0.80300003,1.028,1.09,1.42,100,75,21.964,21.725,-3.2300003,-2.107,6.135605,0,nan,0.0,4,1,12
300860285,1606917518200469,490902933,21106665,92809,138834,0.614,0.022981098,0.83400005,1.056,1.09,1.42,100,75,22.096,21.604,-4.6340003,-4.0870004,6.0718794,0,nan,0.0,4,1,12
301062170,1606917518400469,490903315,21106524,93762,139787,0.587,0.025818305,0.873,1.085,1.09,1.42,100,75,21.834002,21.078001,-5.6980004,-4.952,6.019157,0,nan,0.0,4,1,12
301262191,1606917518600469,490903692,21106354,94738,140764,0.6,0.024324303,0.91300005,1.12,1.09,1.42,100,80,22.134,21.121,-6.6200004,-4.9890003,5.979453,0,nan,0.0,4,1,12
301462339,1606917518800469,490904065,21106153,95696,141721,0.619,0.026921004,0.95500004,1.156,1.09,1.42,100,80,22.316002,20.874,-7.892,-4.925,5.921727,0,nan,0.0,4,1,12
301657509,1606917519000469,490904423,21105914,96530,142555,0.46400002,0.025819702,0.99200004,1.1930001,1.09,1.42,100,80,22.021002,20.075,-9.051001,-4.736,5.85961,0,nan,0.0,4,1,12
301857186,1606917519200469,490904782,21105654,97654,143679,0.42000002,0.022444759,1.0220001,1.23,1.09,1.42,100,80,21.905,19.357,-10.253,-4.8100004,5.796088,0,nan,0.0,4,1,12
302060074,1606917519400469,490905125,21105363,98560,144585,0.43100002,0.027756667,1.0500001,1.2700001,1.09,1.42,100,80,22.050001,19.194,-10.853001,-4.668,5.7685633,0,nan,0.0,4,1,12
302264056,1606917519600469,490905469,21105061,99539,145564,0.416,0.024779834,1.077,1.3100001,1.09,1.42,99,81,22.148,19.015001,-11.357,-4.5990005,5.744801,0,nan,0.0,4,1,12
302458061,1606917519800469,490905806,21104741,100451,146476,0.328,0.02122233,1.09,1.3360001,1.09,1.42,99,81,22.276001,18.698,-12.107,-4.3830004,5.7085443,0,nan,0.0,4,1,12
302664128,1606917520000469,490906138,21104398,101253,147278,0.314,0.020146858,1.095,1.363,1.09,1.42,99,81,22.424002,18.394001,-12.826,-3.897,5.6742625,0,nan,0.0,4,1,12
302862191,1606917520200469,490906469,21104047,101997,148023,0.29500002,0.019270703,1.087,1.381,1.09,1.42,99,81,22.572,18.461,-12.988001,-3.3620002,5.6700687,0,nan,0.0,4,1,12
303062317,1606917520400469,490906791,21103682,102738,148763,0.273,0.016614137,1.0780001,1.3840001,1.09,1.42,99,81,22.686,18.048,-13.745001,-3.1200001,5.6322994,0,nan,0.0,4,1,12
303262158,1606917520600469,490907091,21103296,103226,149251,0.254,0.015862424,1.062,1.396,1.09,1.42,99,81,22.862001,18.136002,-13.920001,-3.5310001,5.6285853,0,nan,0.0,4,1,12
303471920,1606917520800468,490907404,21102917,103867,149892,0.335,0.016848534,1.044,1.4080001,1.09,1.42,99,81,22.712002,18.449001,-13.247001,-4.3820004,5.6604543,0,nan,0.0,4,1,12
303665095,1606917521000468,490907729,21102571,104933,150958,0.46300003,0.015042294,1.026,1.4120001,1.09,1.42,99,81,21.916,18.309,-12.0460005,-5.8970003,5.701251,0,nan,0.0,4,1,12
303863403,1606917521200468,490908040,21102253,106462,152487,0.504,0.017208945,1.0090001,1.416,1.09,1.42,99,81,20.837002,17.615002,-11.13,-7.8880005,5.719659,0,nan,0.0,4,1,12
304064056,1606917521400468,490908352,21101975,108544,154569,0.62200004,0.017202837,1.0040001,1.422,1.09,1.42,99,81,19.342001,16.477001,-10.13,-8.942,5.731975,0,nan,0.0,4,1,12
304261633,1606917521600468,490908641,21101676,110235,156260,0.586,0.016336456,1.0040001,1.4380001,1.09,1.42,99,80,19.839,16.5,-11.015,-9.449,5.6945777,0,nan,0.0,4,1,12
304462338,1606917521800468,490908935,21101367,112044,158069,0.656,0.025950251,1.019,1.463,1.09,1.42,99,80,19.957,16.301,-11.515,-9.041,5.668193,0,nan,0.0,4,1,12
304670597,1606917522000468,490909225,21101050,113815,159840,0.749,0.025694212,1.0400001,1.493,1.09,1.42,99,80,19.811,15.994,-11.690001,-8.754001,5.6520133,0,nan,0.0,4,1,12
304865249,1606917522200468,490909506,21100723,115447,161472,0.61600006,0.022790333,1.0580001,1.5230001,1.09,1.42,99,80,19.742,15.672001,-12.005,-8.536,5.629518,0,nan,0.0,4,1,12
305061128,1606917522400468,490909783,21100386,117029,163054,0.60200006,0.019998854,1.065,1.547,1.09,1.42,99,80,19.821001,15.516001,-12.334001,-8.606,5.611553,0,nan,0.0,4,1,12
305264153,1606917522600468,490910058,21100045,118596,164621,0.591,0.018701551,1.059,1.565,1.09,1.42,99,98,19.616001,15.253,-12.334001,-8.410001,5.60322,0,nan,0.0,4,1,12
305463174,1606917522800468,490910322,21099695,120029,166054,0.59300005,0.018951133,1.056,1.5860001,1.09,1.42,99,98,19.765001,15.166,-12.675,-7.866,5.587044,0,nan,0.0,4,1,12
305666957,1606917523000468,490910593,21099341,121624,167649,0.592,0.02373857,1.0680001,1.618,1.09,1.42,99,98,20.004002,15.051001,-13.176001,-7.155,5.564115,0,nan,0.0,4,1,12
305867468,1606917523200468,490910864,21098983,123155,169180,0.527,0.028500702,1.0860001,1.651,1.09,1.42,99,98,19.86,14.9470005,-13.077001,-6.6870003,5.5644317,0,nan,0.0,4,1,12
306061072,1606917523400467,490911133,21098615,124291,170316,0.42100003,0.025604501,1.1010001,1.6800001,1.09,1.42,99,98,20.515001,15.259001,-13.712001,-5.8680005,5.551122,0,nan,0.0,4,1,12
306261054,1606917523600467,490911402,21098226,125138,171163,0.38900003,0.022107212,1.1120001,1.7,1.09,1.42,99,94,21.000002,15.212001,-14.478001,-4.925,5.5225315,0,nan,0.0,4,1,12
306461073,1606917523800467,490911669,21097819,125901,171926,0.45100003,0.02168746,1.1220001,1.72,1.09,1.42,99,94,21.199001,14.962001,-15.018001,-4.419,5.495915,0,nan,0.0,4,1,12
306661064,1606917524000467,490911937,21097399,126768,172793,0.43300003,0.020839404,1.131,1.738,1.09,1.42,99,94,21.424002,14.649001,-15.634001,-4.466,5.4652658,0,nan,0.0,4,1,12
306854705,1606917524200467,490912193,21096961,127701,173726,0.374,0.018301347,1.1320001,1.748,1.12,1.42,99,94,21.415,13.917001,-16.277,-4.768,5.41977,0,nan,0.0,4,1,11
307060120,1606917524400467,490912441,21096494,128646,174671,0.39800003,0.018993545,1.131,1.7680001,1.12,1.42,99,94,21.636002,13.507001,-16.902,-5.138,5.386607,0,nan,0.0,4,1,11
307258428,1606917524600467,490912681,21096019,129737,175762,0.41300002,0.019050617,1.131,1.789,1.12,1.42,99,93,21.742,13.002001,-17.426,-5.6610003,5.353387,0,nan,0.0,4,1,11
308667494,1606917526000466,490913976,21092472,138622,184647,0.637,0.03105761,1.2290001,1.9740001,1.17,1.53,100,95,20.691002,8.285001,-18.960001,-6.4290004,5.1243625,0,nan,0.0,4,1,11
308866176,1606917526200466,490914117,21091949,139821,185846,0.66800004,0.023195598,1.246,2.013,1.09,1.42,100,95,20.678001,8.011001,-19.063002,-6.5480003,5.1102233,0,nan,0.0,4,1,12
309066478,1606917526400466,490914253,21091421,141166,187190,0.82100004,0.02187002,1.2550001,2.045,1.17,1.53,100,95,20.726002,7.5420003,-19.305,-6.3160005,5.0848174,0,nan,0.0,4,1,11
309265130,1606917526600466,490914376,21090893,142203,188228,0.79600006,0.019022692,1.2490001,2.0640001,1.09,1.42,100,91,20.916,7.044,-19.695002,-5.5860004,5.0558605,0,nan,0.0,4,1,12
309465696,1606917526800466,490914501,21090343,143187,189212,0.78300005,0.019393574,1.2540001,2.0830002,1.17,1.53,100,91,21.647001,7.202,-20.413,-5.3040004,5.051546,0,nan,0.0,4,1,11
309668058,1606917527000466,490914620,21089775,144291,190316,0.716,0.018695965,1.2570001,2.082,1.17,1.53,100,91,21.649,6.4760003,-20.658,-5.3250003,5.016184,0,nan,0.0,4,1,11
309867420,1606917527200466,490914723,21089207,145116,191140,0.61200005,0.018561227,1.2600001,2.092,1.2099999,1.53,100,91,21.587002,5.793,-20.795,-4.945,4.9840903,0,nan,0.0,4,1,10
310069105,1606917527400466,490914816,21088628,146057,192081,0.605,0.017683152,1.251,2.0960002,1.2099999,1.53,100,91,21.845001,5.2700005,-21.2,-5.0490003,4.956044,0,nan,0.0,4,1,10
310263453,1606917527600466,490914894,21088042,147072,193096,0.563,0.017392553,1.245,2.0860002,1.12,1.42,100,91,21.546001,4.295,-21.113,-5.1060004,4.913085,0,nan,0.0,4,1,11
310468137,1606917527800466,490914963,21087465,148128,194153,0.55,0.018129956,1.2390001,2.084,1.27,1.53,100,91,21.319,3.6680002,-21.001001,-4.9080005,4.8853116,0,nan,0.0,4,1,9
310669051,1606917528000466,490915021,21086885,149073,195097,0.523,0.017752616,1.2340001,2.081,1.27,1.53,100,91,21.580002,3.1720002,-21.346,-4.9040003,4.8599176,0,nan,0.0,4,1,9
310870169,1606917528200466,490915066,21086298,149884,195908,0.546,0.019262325,1.235,2.091,1.16,1.42,100,91,21.77,2.654,-21.608002,-4.8300004,4.8346047,0,nan,0.0,4,1,10
311072068,1606917528400466,490915105,21085702,150735,196760,0.522,0.018956892,1.241,2.095,1.16,1.42,100,91,22.072,2.22,-21.960001,-4.5670004,4.8131247,0,nan,0.0,4,1,10
311267251,1606917528600465,490915139,21085104,151472,197497,0.58400005,0.022611786,1.253,2.102,1.28,1.4599999,100,87,22.065,1.9900001,-21.975,-3.9220002,4.8027034,0,nan,0.0,4,1,9
311471101,1606917528800465,490915169,21084482,152153,198177,0.48200002,0.017323788,1.2590001,2.1000001,1.13,1.42,100,87,22.862001,1.3050001,-22.824001,-3.3600001,4.7695236,0,nan,0.0,4,1,11
311670770,1606917529000465,490915182,21083865,152785,198809,0.55700004,0.023739617,1.2670001,2.111,1.1999999,1.5999999,100,87,22.312,0.36800003,-22.309002,-2.871,4.7288675,0,nan,0.0,4,1,9
311868765,1606917529200465,490915175,21083251,153229,199253,0.564,0.023150569,1.2800001,2.1260002,1.16,1.42,100,87,22.882002,-0.30400002,-22.880001,-2.4150002,4.6991024,0,nan,0.0,4,1,10
312065125,1606917529400465,490915156,21082625,153650,199674,0.48000002,0.020709204,1.289,2.141,1.1999999,1.5899999,100,87,23.105001,-1.1550001,-23.076,-1.9980001,4.6623683,0,nan,0.0,4,1,9
312463413,1606917529800465,490915058,21081343,154170,200194,0.528,0.023124913,1.299,2.1690001,1.27,1.53,100,70,23.469002,-3.5260003,-23.203001,-1.7750001,4.561592,0,nan,0.0,4,1,9
312668068,1606917530000465,490914975,21080713,154484,200508,0.513,0.019385545,1.3060001,2.186,1.17,1.5899999,100,70,23.654001,-4.8120003,-23.159,-1.784,4.5075054,0,nan,0.0,4,1,10
312860332,1606917530200465,490914869,21080088,154899,200923,0.59000003,0.025489485,1.3160001,2.2050002,1.27,1.61,100,70,23.968,-6.2050004,-23.151001,-2.3260002,4.4505277,0,nan,0.0,4,1,9
313070643,1606917530400465,490914733,21079466,155266,201291,0.535,0.02602373,1.3280001,2.217,1.22,1.61,100,70,24.081001,-7.589,-22.855001,-2.5400002,4.391807,0,nan,0.0,4,1,10
313265142,1606917530600465,490914577,21078850,155748,201773,0.517,0.02446009,1.34,2.2240002,1.27,1.61,100,72,24.214,-8.894,-22.522001,-2.9480002,4.3362865,0,nan,0.0,4,1,9
313469707,1606917530800465,490914407,21078235,156243,202267,0.512,0.025358062,1.35,2.2350001,1.29,1.88,100,72,24.024002,-9.633,-22.008001,-2.9940002,4.2998104,0,nan,0.0,4,1,9
313672698,1606917531000465,490914217,21077634,156650,202674,0.508,0.024759414,1.3590001,2.243,1.27,1.61,100,72,24.074001,-10.784,-21.524,-3.173,4.247916,0,nan,0.0,4,1,9
313867622,1606917531200464,490914003,21077042,156989,203013,0.532,0.022821575,1.366,2.2480001,1.27,1.61,100,72,24.291,-11.939,-21.155,-3.2280002,4.198602,0,nan,0.0,4,1,9
314069053,1606917531400464,490913773,21076460,157427,203451,0.59900004,0.023039043,1.381,2.2570002,1.31,1.65,100,72,24.394001,-13.309001,-20.444,-3.387,4.1352916,0,nan,0.0,4,1,8
314263211,1606917531600464,490913519,21075891,157811,203835,0.541,0.021659011,1.3950001,2.2610002,1.1899999,1.4599999,100,71,24.773,-14.35,-20.193,-3.331,4.094534,0,nan,0.0,4,1,10
314466078,1606917531800464,490913243,21075338,158061,204085,0.65800005,0.023270125,1.4100001,2.269,1.23,1.51,100,71,24.921001,-15.111001,-19.817001,-2.8370001,4.0609064,0,nan,0.0,4,1,9
314665712,1606917532000464,490912965,21074797,158452,204476,0.57000005,0.024888743,1.4350001,2.2800002,1.29,1.5899999,100,71,24.688002,-15.497001,-19.218,-2.8820002,4.0337453,0,nan,0.0,4,1,9
314862511,1606917532200464,490912671,21074282,158924,204948,0.59900004,0.024606697,1.462,2.295,1.36,1.89,100,71,24.817001,-16.752,-18.310001,-2.782,3.9713862,0,nan,0.0,4,1,8
315061068,1606917532400464,490912357,21073787,159371,205396,0.591,0.023561245,1.4890001,2.3070002,1.23,1.65,100,71,24.938002,-17.599,-17.668001,-2.8460002,3.928934,0,nan,0.0,4,1,9
315260073,1606917532600464,490912026,21073313,159803,205827,0.53900003,0.02126736,1.5090001,2.319,1.36,1.89,100,73,24.954,-18.424002,-16.83,-3.065,3.8818252,0,nan,0.0,4,1,8
315459597,1606917532800464,490911686,21072867,160295,206319,0.499,0.018468201,1.5230001,2.3200002,1.1899999,1.4599999,100,73,24.886002,-19.346,-15.654,-3.0210001,3.8218853,0,nan,0.0,4,1,10
315663201,1606917533000464,490911329,21072446,160804,206828,0.513,0.019440698,1.5350001,2.322,1.1,1.4399999,100,73,25.038002,-20.208,-14.783001,-2.8850002,3.7731984,0,nan,0.0,4,1,11
315862163,1606917533200464,490910968,21072020,161140,207165,0.54800004,0.015730651,1.531,2.325,1.1899999,1.4599999,100,73,24.963001,-20.864,-13.706,-2.9290001,3.7228308,0,nan,0.0,4,1,10
316066051,1606917533400464,490910592,21071633,161483,207507,0.57100004,0.014908776,1.5300001,2.329,1.1,1.4399999,100,73,24.961,-21.445002,-12.773001,-2.8960001,3.6787865,0,nan,0.0,4,1,11
316265067,1606917533600464,490910189,21071295,161683,207707,0.53900003,0.016890423,1.536,2.3330002,1.1,1.4399999,100,74,24.995,-21.953001,-11.950001,-2.6350002,3.640064,0,nan,0.0,4,1,11
316469100,1606917533800463,490909780,21070978,161992,208016,0.48400003,0.01506987,1.539,2.334,1.13,1.61,100,74,25.086,-22.456001,-11.184001,-2.89,3.6036754,0,nan,0.0,4,1,10
316669089,1606917534000463,490909361,21070680,162357,208381,0.537,0.014501067,1.5380001,2.334,1.15,1.5,100,74,25.340002,-23.080002,-10.461,-2.986,3.5671387,0,nan,0.0,4,1,10
316868161,1606917534200463,490908932,21070411,162789,208813,0.48100004,0.01226181,1.5370001,2.331,1.09,1.42,100,74,25.498001,-23.6,-9.653001,-2.973,3.5298457,0,nan,0.0,4,1,12
317072063,1606917534400463,490908495,21070163,163132,209156,0.48200002,0.012125675,1.5330001,2.3330002,1.09,1.42,100,74,25.488,-23.841002,-9.014001,-2.4060001,3.5030544,0,nan,0.0,4,1,12
317272053,1606917534600463,490908045,21069931,163184,209208,0.37,0.009660746,1.514,2.3270001,1.09,1.42,100,77,25.670002,-24.304,-8.261001,-1.748,3.4692354,0,nan,0.0,4,1,12
317474363,1606917534800463,490907611,21069716,163512,209537,0.354,0.010388897,1.491,2.3200002,1.09,1.42,100,77,25.613,-24.546001,-7.314,-1.5730001,3.4311929,0,nan,0.0,4,1,12
317673059,1606917535000463,490907177,21069529,163786,209810,0.3,0.008820719,1.4580001,2.272,1.14,1.5899999,100,77,24.897001,-24.141,-6.089,-0.98600006,3.3886833,0,nan,0.0,4,1,11
317873386,1606917535200463,490906727,21069390,163961,209986,0.28800002,0.009067159,1.429,2.2350001,1.14,1.5899999,100,77,24.358002,-23.939001,-4.5,-1.0780001,3.327397,0,nan,0.0,4,1,11
318064428,1606917535400463,490906275,21069269,164472,210497,0.252,0.009435947,1.381,2.2120001,1.09,1.42,100,77,23.735,-23.548,-2.9750001,-0.994,3.2672665,0,nan,0.0,4,1,12
318268376,1606917535600463,490905827,21069183,164928,210952,0.26500002,0.0103117535,1.3520001,2.193,1.09,1.42,100,72,23.595001,-23.517,-1.9130001,-0.98300004,3.2227726,0,nan,0.0,4,1,12
318468069,1606917535800463,490905387,21069130,165429,211453,0.277,0.010687174,1.3290001,2.186,1.09,1.42,100,72,23.275002,-23.252,-1.0500001,-0.869,3.186716,0,nan,0.0,4,1,12
318664420,1606917536000463,490904942,21069103,165689,211714,0.275,0.010685603,1.3060001,2.1790001,1.09,1.42,100,72,22.547,-22.54,0.58100003,-0.54200006,3.1158245,0,nan,0.0,4,1,12
318863184,1606917536200463,490904519,21069130,165611,211636,0.29700002,0.011758108,1.2750001,2.1750002,1.14,1.5899999,100,72,22.296001,-22.272001,1.031,0.155,3.0953357,0,nan,0.0,4,1,11
319067663,1606917536400462,490904113,21069168,165398,211423,0.38700002,0.015388567,1.261,2.1750002,1.14,1.5899999,100,72,22.128,-22.078001,1.493,0.906,3.074094,0,nan,0.0,4,1,11
319265511,1606917536600462,490903715,21069213,165075,211099,0.367,0.015465536,1.2540001,2.18,1.14,1.5899999,100,89,22.151001,-22.063002,1.968,1.585,3.0526495,0,nan,0.0,4,1,11
319468395,1606917536800462,490903319,21069274,164488,210512,0.36,0.014334737,1.245,2.18,1.09,1.42,100,89,21.522001,-21.362001,2.6200001,2.364,3.0195565,0,nan,0.0,4,1,12
319673066,1606917537000462,490902936,21069353,163916,209941,0.45200002,0.015131654,1.246,2.186,1.09,1.42,100,89,21.410002,-21.192001,3.0470002,3.0440001,2.9987798,0,nan,0.0,4,1,12
319873409,1606917537200462,490902550,21069444,163129,209153,0.40800002,0.012601102,1.2390001,2.1850002,1.09,1.42,100,89,21.558,-21.279001,3.4550002,3.6420002,2.9806316,0,nan,0.0,4,1,12
320070863,1606917537400462,490902167,21069558,162386,208411,0.39000002,0.013198703,1.2310001,2.1780002,1.09,1.42,100,89,21.323002,-20.924002,4.102,4.196,2.9480286,0,nan,0.0,4,1,12
320269112,1606917537600462,490901794,21069688,161644,207669,0.38500002,0.013601001,1.222,2.17,1.09,1.42,100,90,21.345001,-20.730001,5.0860004,4.579,2.9009914,0,nan,0.0,4,1,12
320471166,1606917537800462,490901419,21069848,160814,206839,0.38000003,0.0130168395,1.215,2.1620002,1.09,1.42,100,90,21.345001,-20.547,5.78,4.537,2.8673687,0,nan,0.0,4,1,12
320666128,1606917538000462,490901046,21070028,160121,206146,0.384,0.013299233,1.2090001,2.158,1.09,1.42,100,90,21.429,-20.402,6.5540004,3.88,2.8307786,0,nan,0.0,4,1,12
320870202,1606917538200462,490900679,21070225,159445,205470,0.351,0.011897559,1.2,2.1550002,1.09,1.42,100,90,21.799002,-20.492,7.4360003,3.0800002,2.7934933,0,nan,0.0,4,1,12
321073059,1606917538400462,490900330,21070431,158968,204993,0.342,0.011695625,1.1830001,2.1420002,1.09,1.42,100,90,21.192001,-19.654001,7.925,2.4320002,2.7583117,0,nan,0.0,4,1,12
321269232,1606917538600462,490899986,21070671,158839,204864,0.323,0.0115532065,1.1680001,2.135,1.09,1.42,100,92,21.775002,-19.939001,8.752001,1.8590001,2.7279904,0,nan,0.0,4,1,12
321469980,1606917538800462,490899671,21070938,159091,205116,0.36,0.012845099,1.1470001,2.1290002,1.12,1.49,100,92,21.278002,-19.292002,8.978001,1.876,2.706019,0,nan,0.0,4,1,11
321673986,1606917539000461,490899358,21071198,159228,205253,0.367,0.011747462,1.126,2.115,1.09,1.42,100,92,21.01,-18.864,9.25,1.8820001,2.685669,0,nan,0.0,4,1,12
321867744,1606917539200461,490899031,21071465,158938,204963,0.45400003,0.014128439,1.115,2.105,1.09,1.42,100,92,20.826,-18.439001,9.683001,2.3490002,2.6580305,0,nan,0.0,4,1,12
322066316,1606917539400461,490898704,21071738,158342,204366,0.41700003,0.0112798875,1.1040001,2.088,1.17,1.62,100,92,20.604,-17.998001,10.030001,3.002,2.633176,0,nan,0.0,4,1,11
322264104,1606917539600461,490898378,21072017,157658,203683,0.41400003,0.011264529,1.0940001,2.072,1.17,1.62,100,88,20.565,-17.722,10.434001,3.492,2.6094723,0,nan,0.0,4,1,11
322466142,1606917539800461,490898058,21072308,156797,202822,0.407,0.011298912,1.082,2.0540001,1.09,1.42,100,88,20.289001,-17.201,10.759001,3.834,2.5826273,0,nan,0.0,4,1,12
322669149,1606917540000461,490897748,21072611,155929,201954,0.485,0.011773118,1.0730001,2.035,1.17,1.62,100,88,20.500002,-17.113,11.288,4.165,2.5584838,0,nan,0.0,4,1,11
322876059,1606917540200461,490897442,21072933,155042,201067,0.418,0.011796854,1.067,2.028,1.09,1.42,100,88,20.801,-17.258001,11.613001,4.01,2.549253,0,nan,0.0,4,1,12
323066807,1606917540400461,490897144,21073267,154246,200271,0.35300002,0.011027862,1.0400001,2.0080001,1.09,1.42,100,88,20.711,-17.004002,11.824,3.8370001,2.5339592,0,nan,0.0,4,1,12
323260895,1606917540600461,490896849,21073604,153615,199640,0.342,0.012223238,1.018,1.9990001,1.14,1.5899999,100,96,20.972,-17.173,12.038,3.4670002,2.5301933,0,nan,0.0,4,1,11
323464969,1606917540800461,490896551,21073945,152832,198857,0.319,0.009842784,0.99100006,1.9660001,1.09,1.42,100,96,21.031,-17.162,12.155001,2.8980002,2.5253408,0,nan,0.0,4,1,12
323669116,1606917541000461,490896262,21074298,152144,198169,0.344,0.009471552,0.96900004,1.9310001,1.09,1.42,100,96,20.877,-16.75,12.462001,2.3360002,2.5019462,0,nan,0.0,4,1,12
323869057,1606917541200461,490895976,21074653,151754,197779,0.32200003,0.009518501,0.95000005,1.894,1.09,1.42,100,96,20.792002,-16.448,12.719001,1.7960001,2.4833586,0,nan,0.0,4,1,12
324068102,1606917541400461,490895687,21075008,151531,197556,0.335,0.011246552,0.943,1.8560001,1.09,1.42,100,96,20.688002,-16.026001,13.083,1.4560001,2.456937,0,nan,0.0,4,1,12
324269130,1606917541600461,490895405,21075376,151038,197063,0.36,0.011408693,0.94000006,1.8210001,1.09,1.42,100,84,20.669,-15.759001,13.374001,1.1370001,2.437871,0,nan,0.0,4,1,12
324468544,1606917541800460,490895124,21075746,150457,196482,0.411,0.013496282,0.94000006,1.7900001,1.09,1.42,100,84,20.482,-15.384001,13.522,1.046,2.4205165,0,nan,0.0,4,1,12
324671177,1606917542000460,490894848,21076119,150225,196250,0.39200002,0.013473941,0.94200003,1.7620001,1.09,1.42,100,84,20.565,-15.193001,13.860001,1.1420001,2.4020526,0,nan,0.0,4,1,12
324873663,1606917542200460,490894575,21076496,149876,195901,0.40500003,0.014009583,0.94500005,1.7370001,1.09,1.42,100,84,20.323002,-14.6970005,14.037001,1.723,2.3791852,0,nan,0.0,4,1,12
325070153,1606917542400460,490894319,21076880,149681,195706,0.386,0.014339973,0.94900006,1.715,1.09,1.42,100,84,20.045,-14.295001,14.051001,2.026,2.3647974,0,nan,0.0,4,1,12
325272403,1606917542600460,490894072,21077269,149581,195606,0.41900003,0.014209422,0.952,1.6980001,1.09,1.42,100,80,20.128,-14.554001,13.905001,2.2180002,2.3789966,0,nan,0.0,4,1,12
325467744,1606917542800460,490893817,21077657,149024,195049,0.38900003,0.0123422695,0.95400006,1.6800001,1.09,1.42,100,80,20.123001,-14.094001,14.364,2.7140002,2.3467033,0,nan,0.0,4,1,12
325667920,1606917543000460,490893563,21078053,148427,194452,0.42800003,0.01257021,0.95500004,1.6680001,1.09,1.42,100,80,20.259,-13.886001,14.751,3.407,2.3259816,0,nan,0.0,4,1,12
325862345,1606917543200460,490893316,21078456,147709,193734,0.44200003,0.015612318,0.95900005,1.6710001,1.12,1.49,100,80,20.220001,-13.887001,14.6970005,3.9240003,2.3278463,0,nan,0.0,4,1,11
326062512,1606917543400460,490893072,21078863,146987,193012,0.46600002,0.0152841965,0.9620001,1.674,1.09,1.42,100,80,20.283,-13.776001,14.8880005,4.5,2.317436,0,nan,0.0,4,1,12
326267340,1606917543600460,490892830,21079274,146146,192171,0.545,0.015131131,0.96800005,1.6790001,1.09,1.42,100,87,20.256,-13.641001,14.974001,4.847,2.3096514,0,nan,0.0,4,1,12
326465350,1606917543800460,490892590,21079692,145218,191243,0.535,0.014939145,0.97400004,1.6830001,1.09,1.42,100,87,20.433,-13.435,15.395,5.1410003,2.2883112,0,nan,0.0,4,1,12
326665053,1606917544000460,490892354,21080120,144238,190263,0.55600005,0.017637424,0.984,1.6850001,1.09,1.42,100,87,20.582,-13.244,15.755001,5.083,2.2698407,0,nan,0.0,4,1,12
326864299,1606917544200460,490892120,21080556,143311,189336,0.46400002,0.020755455,0.99500006,1.6830001,1.09,1.42,100,87,20.824001,-13.268001,16.050001,5.031,2.2615902,0,nan,0.0,4,1,12
327065054,1606917544400459,490891883,21081006,142176,188201,0.49600002,0.017966418,1.01,1.6880001,1.09,1.42,100,87,21.273,-13.110001,16.753,5.143,2.2348237,0,nan,0.0,4,1,12
327266700,1606917544600459,490891653,21081470,141046,187071,0.48200002,0.01825911,1.0270001,1.6940001,1.09,1.42,100,87,21.257002,-12.490001,17.201,4.9960003,2.1988218,0,nan,0.0,4,1,12
327471096,1606917544800459,490891433,21081950,140059,186084,0.47300002,0.019264419,1.0450001,1.695,1.09,1.42,100,87,21.62,-12.198001,17.851002,4.4040003,2.1702223,0,nan,0.0,4,1,12
327671439,1606917545000459,490891218,21082447,139134,185159,0.39000002,0.018117912,1.062,1.6910001,1.09,1.42,100,87,21.907001,-11.528001,18.629002,3.8190002,2.1249619,0,nan,0.0,4,1,12
327865202,1606917545200459,490891020,21082958,138220,184245,0.33,0.017192714,1.07,1.6780001,1.09,1.42,100,87,21.934002,-10.865001,19.053001,3.4440002,2.0890658,0,nan,0.0,4,1,12
328074191,1606917545400459,490890829,21083481,137380,183405,0.305,0.015881622,1.077,1.6620001,1.09,1.42,100,87,22.137001,-10.293,19.599,2.9490001,2.0543745,0,nan,0.0,4,1,12
328270145,1606917545600459,490890648,21084017,136816,182841,0.286,0.015019779,1.08,1.6470001,1.09,1.42,100,78,22.060001,-9.6310005,19.847,2.3240001,2.022595,0,nan,0.0,4,1,12
328465069,1606917545800459,490890476,21084555,136323,182348,0.26700002,0.01647137,1.08,1.6370001,1.09,1.42,100,78,21.846,-9.02,19.897001,1.5330001,1.996402,0,nan,0.0,4,1,12
328671126,1606917546000459,490890320,21085092,135924,181949,0.28300002,0.015004944,1.0810001,1.6250001,1.09,1.42,100,78,21.410002,-8.556001,19.626001,1.273,1.9819033,0,nan,0.0,4,1,12
328869774,1606917546200459,490890173,21085627,135689,181715,0.23300001,0.01652949,1.0780001,1.6170001,1.09,1.41,100,78,21.553001,-8.321,19.882002,0.565,1.9671673,0,nan,0.0,4,1,12
329074462,1606917546400459,490890023,21086171,135501,181526,0.293,0.017532006,1.0840001,1.6150001,1.09,1.41,100,78,21.37,-7.8840003,19.863,0.30100003,1.9486682,0,nan,0.0,4,1,12
329268701,1606917546600459,490889881,21086708,135324,181349,0.30100003,0.018975044,1.087,1.616,1.17,1.4399999,100,79,21.138,-7.6190004,19.717001,0.33200002,1.9395206,0,nan,0.0,4,1,11
329469171,1606917546800459,490889744,21087242,135013,181039,0.289,0.016264198,1.093,1.6,1.12,1.49,100,79,20.774,-7.222,19.478,0.697,1.9258788,0,nan,0.0,4,1,11
329669906,1606917547000458,490889621,21087769,134708,180733,0.25500003,0.015354882,1.0910001,1.5890001,1.09,1.41,100,79,20.506,-6.872,19.320002,0.98100007,1.9125463,0,nan,0.0,4,1,12
329872198,1606917547200458,490889511,21088301,134359,180385,0.23600002,0.012489052,1.074,1.577,1.09,1.41,100,79,20.6,-6.3350005,19.601002,1.302,1.8834007,0,nan,0.0,4,1,12
330068054,1606917547400458,490889393,21088838,133880,179906,0.238,0.013852503,1.0580001,1.5760001,1.14,1.5899999,100,79,20.53,-5.802,19.694,1.756,1.8572851,0,nan,0.0,4,1,11
330272103,1606917547600458,490889298,21089377,133380,179406,0.275,0.012928002,1.046,1.572,1.14,1.5899999,100,80,20.362001,-5.0080004,19.736,2.0140002,1.819302,0,nan,0.0,4,1,11
330470349,1606917547800458,490889217,21089912,132935,178961,0.22600001,0.016471194,1.042,1.58,1.14,1.5899999,100,80,20.106,-4.432,19.612001,2.426,1.793071,0,nan,0.0,4,1,11
330669655,1606917548000458,490889149,21090448,132486,178512,0.23,0.020347746,1.044,1.593,1.14,1.5899999,100,80,20.067001,-3.5950003,19.742,2.3530002,1.7509222,0,nan,0.0,4,1,11
330869534,1606917548200458,490889104,21090984,132045,178070,0.238,0.022965215,1.047,1.608,1.14,1.5899999,100,80,20.021002,-2.335,19.884,2.1420002,1.6877093,0,nan,0.0,4,1,11
331065069,1606917548400458,490889080,21091525,131595,177620,0.272,0.024114689,1.049,1.621,1.14,1.5899999,100,80,19.977001,-0.87100005,19.958,1.9470001,1.6144129,0,nan,0.0,4,1,11
331271293,1606917548600458,490889084,21092066,131222,177248,0.29000002,0.023649035,1.0530001,1.636,1.09,1.41,100,80,19.943,0.518,19.937,1.4560001,1.5448413,0,nan,0.0,4,1,12
331471161,1606917548800458,490889108,21092608,130877,176903,0.34800002,0.026473327,1.059,1.6560001,1.14,1.5899999,100,80,20.024,1.853,19.938002,1.2310001,1.4781246,0,nan,0.0,4,1,11
331670452,1606917549000458,490889148,21093142,130501,176527,0.35300002,0.027273735,1.065,1.6800001,1.14,1.5899999,100,80,19.658,2.5730002,19.489,1.176,1.4395142,0,nan,0.0,4,1,11
331870370,1606917549200458,490889230,21093664,130296,176322,0.393,0.025437998,1.0730001,1.7040001,1.14,1.5899999,100,80,20.018002,4.5020003,19.505001,0.882,1.3439361,0,nan,0.0,4,1,11
332269093,1606917549600457,490889433,21094683,129960,175986,0.47800002,0.028330531,1.097,1.7550001,1.14,1.5899999,100,79,19.36,6.2990003,18.306002,-0.119,1.2393986,0,nan,0.0,4,1,11
332469057,1606917549800457,490889557,21095174,130158,176184,0.528,0.029501474,1.116,1.7730001,1.14,1.5899999,100,79,19.103,6.8280005,17.841002,-0.77000004,1.2052803,0,nan,0.0,4,1,11
332672234,1606917550000457,490889695,21095657,130379,176405,0.674,0.035584994,1.144,1.8000001,1.14,1.5899999,100,79,19.281,8.184,17.458,-1.3210001,1.13246,0,nan,0.0,4,1,11
332869062,1606917550200457,490889856,21096124,130649,176675,0.693,0.032325763,1.174,1.8260001,1.14,1.5899999,100,79,19.106,9.271001,16.706001,-1.3840001,1.0641663,0,nan,0.0,4,1,11
333067249,1606917550400457,490890025,21096571,130930,176956,0.628,0.034530815,1.202,1.8500001,1.49,1.5899999,100,79,18.734001,9.574,16.103,-1.416,1.0343808,0,nan,0.0,4,1,10
333271146,1606917550600457,490890209,21097008,131175,177201,0.53300005,0.027850566,1.2210001,1.8700001,1.1,1.4399999,100,79,18.714,10.168,15.711,-1.0040001,0.9964114,0,nan,0.0,4,1,11
333469997,1606917550800457,490890394,21097421,131236,177262,0.425,0.026098778,1.2320001,1.8900001,1.14,1.64,100,79,18.327002,10.703,14.877001,-0.836,0.94712484,0,nan,0.0,4,1,10
333660280,1606917551000457,490890601,21097824,131368,177393,0.44500002,0.025725454,1.2370001,1.9050001,1.14,1.64,100,79,18.59,11.535001,14.578001,-0.367,0.9014337,0,nan,0.0,4,1,10
335069382,1606917552400456,490892405,21100142,131198,177223,0.25800002,0.012795008,1.1910001,1.9020001,1.09,1.41,100,86,18.529001,16.124,9.127001,0.275,0.51508605,0,nan,0.0,4,1,12
335268323,1606917552600456,490892706,21100377,131431,177456,0.26000002,0.010806903,1.1630001,1.8590001,1.09,1.41,100,80,18.677,16.766,8.2300005,0.043,0.45631492,0,nan,0.0,4,1,12
335469073,1606917552800456,490893009,21100587,131431,177457,0.24900001,0.0096600475,1.136,1.8190001,1.09,1.41,100,80,18.632,17.082,7.4410005,-0.25300002,0.41082412,0,nan,0.0,4,1,12
335669069,1606917553000456,490893320,21100774,131587,177612,0.266,0.009790773,1.1090001,1.789,1.14,1.5899999,100,80,18.716002,17.491001,6.6590004,-0.69500005,0.36376134,0,nan,0.0,4,1,11
335874663,1606917553200456,490893626,21100946,131482,177508,0.26000002,0.009449561,1.0910001,1.7770001,1.09,1.41,100,80,18.479,17.495,5.9490004,-0.46300003,0.32775745,0,nan,0.0,4,1,12
336074732,1606917553400456,490893942,21101101,131459,177484,0.30400002,0.010670768,1.08,1.7700001,1.09,1.41,100,80,18.51,17.68,5.4810004,-1.0070001,0.30060259,0,nan,0.0,4,1,12
336265815,1606917553600456,490894251,21101220,131999,178025,0.24800001,0.009051626,1.0610001,1.7390001,1.09,1.41,100,80,18.18,17.565,4.69,-1.473,0.26093823,0,nan,0.0,4,1,12
336477094,1606917553800456,490894570,21101343,132235,178260,0.27800003,0.013652837,1.0370001,1.7190001,1.09,1.41,100,80,18.311,17.785002,4.3570004,-1.4660001,0.24023287,0,nan,0.0,4,1,12
336669079,1606917554000456,490894892,21101439,132605,178631,0.26900002,0.012692033,1.0200001,1.6960001,1.09,1.41,100,80,17.919,17.541,3.66,-1.6710001,0.20568338,0,nan,0.0,4,1,12
336869134,1606917554200456,490895225,21101530,133265,179291,0.26000002,0.011016343,0.99700004,1.6520001,1.14,1.5899999,100,80,18.056002,17.778002,3.1580002,-1.9350001,0.17580928,0,nan,0.0,4,1,11
337064130,1606917554400456,490895554,21101614,133855,179880,0.28100002,0.013715494,0.97700006,1.6220001,1.14,1.5899999,100,80,17.946001,17.708,2.9160001,-1.988,0.16323662,0,nan,0.0,4,1,11
337268344,1606917554600456,490895883,21101681,134422,180448,0.293,0.015995942,0.96000004,1.5920001,1.2099999,1.5999999,100,85,17.669,17.534,2.181,-1.6890001,0.12374384,0,nan,0.0,4,1,10
337468254,1606917554800455,490896200,21101723,134681,180707,0.296,0.01683684,0.94900006,1.5810001,1.3,1.8499999,100,85,17.664001,17.608002,1.4050001,-1.2780001,0.07963431,0,nan,0.0,4,1,9
337669413,1606917555000455,490896517,21101754,134855,180881,0.287,0.016012697,0.93900007,1.5690001,1.2099999,1.5999999,100,85,18.128,18.118,0.62200004,-0.702,0.034313694,0,nan,0.0,4,1,10
337874151,1606917555200455,490896838,21101757,134797,180822,0.38900003,0.015707614,0.94100004,1.5660001,1.09,1.41,100,85,17.681002,17.681002,0.17300001,-0.016,0.0097879805,0,nan,0.0,4,1,12
338071588,1606917555400455,490897155,21101751,134662,180687,0.344,0.014355333,0.94400007,1.5560001,1.09,1.41,100,85,18.144001,18.124,-0.85,0.45400003,6.2363048,0,nan,0.0,4,1,12
338276154,1606917555600455,490897475,21101723,134389,180414,0.27800003,0.015154867,0.93700004,1.5200001,1.09,1.41,100,85,18.026001,17.991001,-1.131,0.83400005,6.220388,0,nan,0.0,4,1,12
338468188,1606917555800455,490897795,21101676,134068,180094,0.38900003,0.016088618,0.93700004,1.496,1.09,1.41,100,85,18.273,18.122002,-2.3390002,1.1370001,6.1548147,0,nan,0.0,4,1,12
338668995,1606917556000455,490898121,21101604,133814,179840,0.354,0.015744789,0.94200003,1.4890001,1.09,1.41,100,85,18.488,18.25,-2.9570003,1.317,6.1225357,0,nan,0.0,4,1,12
338863456,1606917556200455,490898450,21101513,133511,179537,0.319,0.016095426,0.94500005,1.4790001,1.09,1.41,100,85,18.785002,18.434,-3.6160002,1.442,6.0894885,0,nan,0.0,4,1,12
339066190,1606917556400455,490898785,21101405,133221,179246,0.36600003,0.019939862,0.94900006,1.4790001,1.09,1.41,100,85,19.116001,18.636002,-4.254,1.669,6.0587873,0,nan,0.0,4,1,12
339272430,1606917556600455,490899119,21101276,132779,178805,0.31500003,0.017375624,0.947,1.4870001,1.09,1.41,100,84,19.507002,18.842001,-5.05,2.046,6.0213284,0,nan,0.0,4,1,12
339466192,1606917556800455,490899458,21101126,132323,178349,0.326,0.018174635,0.94400007,1.496,1.09,1.41,100,84,19.903002,19.031,-5.826,2.4540002,5.9861383,0,nan,0.0,4,1,12
339665076,1606917557000455,490899804,21100952,131739,177764,0.291,0.014684676,0.93200004,1.503,1.09,1.41,100,84,20.526001,19.439001,-6.5920005,3.0170002,5.956236,0,nan,0.0,4,1,12
339865087,1606917557200455,490900155,21100755,131006,177031,0.263,0.014284472,0.919,1.5120001,1.14,1.4599999,100,84,21.354,19.938002,-7.6470003,3.614,5.9169407,0,nan,0.0,4,1,11
340065242,1606917557400454,490900522,21100529,130278,176304,0.24100001,0.013509721,0.90700006,1.519,1.09,1.41,100,84,22.032001,20.314001,-8.532001,4.1720004,5.885564,0,nan,0.0,4,1,12
340264071,1606917557600454,490900895,21100285,129473,175498,0.231,0.01302225,0.896,1.526,1.14,1.4599999,100,86,22.618002,20.563002,-9.419001,4.6720004,5.853645,0,nan,0.0,4,1,11
340467102,1606917557800454,490901270,21100010,128505,174531,0.25500003,0.013841682,0.892,1.5330001,1.14,1.4599999,100,86,23.292002,20.807001,-10.47,4.5870004,5.816983,0,nan,0.0,4,1,11
340670061,1606917558000454,490901646,21099705,127498,173524,0.24800001,0.0133735845,0.8880001,1.5280001,1.09,1.41,100,86,23.961,20.929,-11.665001,4.4420004,5.774702,0,nan,0.0,4,1,12
340873049,1606917558200454,490902024,21099371,126614,172639,0.26500002,0.01282049,0.88400006,1.5230001,1.09,1.41,100,86,24.708002,21.081001,-12.886001,4.3190002,5.734526,0,nan,0.0,4,1,12
341069092,1606917558400454,490902404,21099006,125812,171837,0.29200003,0.013389292,0.88500005,1.5200001,1.09,1.41,100,86,25.480001,21.168001,-14.182001,3.8320003,5.692895,0,nan,0.0,4,1,12
341273048,1606917558600454,490902786,21098599,125167,171192,0.28100002,0.014905111,0.88400006,1.5200001,1.09,1.41,100,80,25.605001,20.676,-15.103001,3.2860003,5.6523,0,nan,0.0,4,1,12
341464076,1606917558800454,490903154,21098169,124639,170664,0.26900002,0.014457958,0.88400006,1.508,1.17,1.62,100,80,26.008001,20.250002,-16.320002,2.4940002,5.6048307,0,nan,0.0,4,1,11
341671201,1606917559000454,490903514,21097709,124183,170208,0.28100002,0.018856013,0.88600004,1.4970001,1.09,1.41,100,80,26.375002,19.923,-17.284,1.6400001,5.5685983,0,nan,0.0,4,1,12
341871208,1606917559200454,490903871,21097226,124124,170150,0.24200001,0.018102903,0.89000005,1.491,1.09,1.41,100,80,26.474,19.405,-18.009,0.55600005,5.535095,0,nan,0.0,4,1,12
342070368,1606917559400454,490904219,21096724,124268,170294,0.25300002,0.021327922,0.89500004,1.488,1.09,1.41,100,80,26.463001,18.894001,-18.528002,-0.624,5.507561,0,nan,0.0,4,1,12
342269182,1606917559600454,490904553,21096204,124533,170558,0.28,0.027139869,0.90800005,1.4900001,1.09,1.41,100,81,26.347002,18.153002,-19.095001,-1.7290001,5.4724913,0,nan,0.0,4,1,12
342473099,1606917559800454,490904869,21095673,125153,171178,0.321,0.02506886,0.92600006,1.4890001,1.09,1.41,100,81,26.073002,17.009,-19.761002,-2.9480002,5.423091,0,nan,0.0,4,1,12
342670328,1606917560000454,490905172,21095130,125852,171877,0.326,0.026440341,0.943,1.4890001,1.09,1.41,100,81,26.034,16.734001,-19.943,-3.7120001,5.4105372,0,nan,0.0,4,1,12
342873115,1606917560200453,490905457,21094576,126712,172737,0.358,0.027110199,0.96300006,1.5050001,1.09,1.41,100,81,25.536001,15.222001,-20.503,-4.26,5.351032,0,nan,0.0,4,1,12
343067291,1606917560400453,490905718,21094008,127549,173574,0.39600003,0.022709351,0.97900003,1.5270001,1.09,1.41,100,81,25.324001,14.273001,-20.919,-4.329,5.3111453,0,nan,0.0,4,1,12
343271122,1606917560600453,490905964,21093426,128509,174534,0.44500002,0.022955965,0.99100006,1.552,1.09,1.41,100,84,25.282001,13.288001,-21.509,-4.7440004,5.2657657,0,nan,0.0,4,1,12
343470363,1606917560800453,490906193,21092831,129483,175508,0.46300003,0.019908795,1.003,1.5810001,1.09,1.41,100,84,24.982,12.123,-21.843,-4.769,5.219066,0,nan,0.0,4,1,12
343674047,1606917561000453,490906401,21092228,130328,176353,0.47400004,0.0213548,1.0150001,1.6110001,1.09,1.41,100,84,24.868002,11.284,-22.160002,-4.564,5.183358,0,nan,0.0,4,1,12
343872421,1606917561200453,490906593,21091615,131268,177293,0.583,0.020220336,1.028,1.6430001,1.09,1.41,100,84,24.724,10.14,-22.549002,-4.826,5.1349688,0,nan,0.0,4,1,12
344061133,1606917561400453,490906764,21090998,132303,178328,0.58000004,0.01818755,1.039,1.672,1.09,1.41,100,84,24.357,8.942,-22.656,-4.8710003,5.0883265,0,nan,0.0,4,1,12
344268046,1606917561600453,490906919,21090369,133275,179300,0.57500005,0.018946944,1.0500001,1.702,1.09,1.41,100,79,24.686,8.089001,-23.323002,-5.23,5.046244,0,nan,0.0,4,1,12
344467147,1606917561800453,490907055,21089738,134351,180376,0.568,0.017593965,1.059,1.7290001,1.09,1.41,100,79,24.121,6.7390003,-23.161001,-5.164,4.99553,0,nan,0.0,4,1,12
344670059,1606917562000453,490907170,21089115,135418,181443,0.545,0.017245771,1.0660001,1.7540001,1.09,1.41,100,79,23.743002,5.241,-23.157001,-4.9890003,4.934971,0,nan,0.0,4,1,12
344867104,1606917562200453,490907251,21088482,136522,182547,0.54300004,0.017786998,1.0730001,1.7770001,1.09,1.41,100,79,23.470001,3.936,-23.138,-5.228,4.880892,0,nan,0.0,4,1,12
345065395,1606917562400453,490907316,21087853,137586,183610,0.509,0.017811783,1.079,1.802,1.09,1.41,100,79,23.378,2.874,-23.201,-5.537,4.835656,0,nan,0.0,4,1,12
345264347,1606917562600453,490907348,21087213,138603,184628,0.54700005,0.018233279,1.0860001,1.83,1.09,1.41,100,83,23.429,1.5100001,-23.380001,-5.425,4.776903,0,nan,0.0,4,1,12
345472151,1606917562800452,490907366,21086580,139765,185790,0.66200006,0.020242501,1.0940001,1.8590001,1.09,1.41,100,83,23.291,0.156,-23.291,-5.703,4.7190704,0,nan,0.0,4,1,12
345668103,1606917563000452,490907353,21085943,141051,187076,0.642,0.019447155,1.1060001,1.8870001,1.17,1.4399999,100,83,23.177002,-1.031,-23.154001,-5.892,4.667903,0,nan,0.0,4,1,11
345864214,1606917563200452,490907324,21085314,142403,188428,0.628,0.019561125,1.118,1.9200001,1.13,1.42,100,83,23.015001,-2.3140001,-22.899,-5.7910004,4.6116743,0,nan,0.0,4,1,11
346067193,1606917563400452,490907272,21084689,143700,189725,0.61600006,0.020916374,1.131,1.9490001,1.17,1.4399999,100,83,23.114,-3.3500001,-22.87,-5.912,4.5669546,0,nan,0.0,4,1,11
346266637,1606917563600452,490907202,21084057,144919,190944,0.609,0.024192706,1.148,1.978,1.09,1.41,100,80,23.488,-4.151,-23.118002,-5.644,4.5347304,0,nan,0.0,4,1,12
346466048,1606917563800452,490907113,21083430,146018,192043,0.56200004,0.023320738,1.1650001,2.002,1.17,1.4399999,100,80,23.407001,-5.3040004,-22.798,-5.6710005,4.4837966,0,nan,0.0,4,1,11
346677058,1606917564000452,490907006,21082810,147081,193105,0.564,0.020480566,1.179,2.015,1.17,1.4399999,100,80,23.282001,-6.2460003,-22.429,-5.53,4.440779,0,nan,0.0,4,1,11
346876227,1606917564200452,490906881,21082194,148220,194244,0.546,0.019883312,1.189,2.02,1.17,1.4399999,100,80,23.617,-7.3150005,-22.456001,-5.44,4.397463,0,nan,0.0,4,1,11
347068089,1606917564400452,490906740,21081583,149207,195232,0.505,0.01868654,1.1980001,2.0180001,1.2099999,1.48,100,80,23.500002,-8.102,-22.059002,-5.3580003,4.360385,0,nan,0.0,4,1,10
347272063,1606917564600452,490906589,21080982,150138,196163,0.48100004,0.018406415,1.2040001,2.016,1.2099999,1.48,100,77,23.154001,-8.584001,-21.504002,-5.2920003,4.332589,0,nan,0.0,4,1,10
347475433,1606917564800452,490906433,21080382,151045,197070,0.44000003,0.018252304,1.2080001,2.022,1.09,1.41,100,77,23.252,-8.85,-21.502,-4.664,4.32191,0,nan,0.0,4,1,12
347673854,1606917565000452,490906262,21079787,151706,197731,0.37600002,0.01766273,1.2090001,2.0240002,1.17,1.4399999,100,77,23.421001,-9.7630005,-21.289001,-4.5750003,4.282413,0,nan,0.0,4,1,11
347873374,1606917565200452,490906081,21079201,152385,198409,0.35700002,0.0212527,1.2090001,2.02,1.17,1.4399999,100,77,23.392,-10.121,-21.089,-3.6980002,4.264931,0,nan,0.0,4,1,11
348077050,1606917565400451,490905890,21078620,152823,198848,0.35700002,0.020418955,1.2110001,2.016,1.17,1.4399999,100,77,23.744001,-10.953,-21.067001,-2.8590002,4.2329354,0,nan,0.0,4,1,11
348273513,1606917565600451,490905683,21078042,153129,199154,0.374,0.022059914,1.2160001,2.0140002,1.23,1.4399999,100,81,24.096,-11.832001,-20.990002,-1.8690001,4.199091,0,nan,0.0,4,1,10
348471151,1606917565800451,490905459,21077458,153306,199330,0.41700003,0.022666067,1.2260001,2.0110002,1.1899999,1.4499999,100,81,24.273,-12.503,-20.805,-1.194,4.171251,0,nan,0.0,4,1,10
348672559,1606917566000451,490905215,21076881,153383,199408,0.42800003,0.018762812,1.24,2.006,1.28,1.4499999,100,81,24.522001,-13.583,-20.416,-0.98200005,4.125309,0,nan,0.0,4,1,9
348888327,1606917566200451,490904948,21076336,153484,199508,0.51500005,0.019415913,1.3790001,2.029,1.1899999,1.4499999,100,81,24.62,-14.598001,-19.826,-1.143,4.0776963,0,nan,0.0,4,1,10
349067111,1606917566400451,490904672,21075819,153764,199789,0.5,0.022726804,1.3950001,2.0310001,1.1899999,1.4499999,100,81,24.753,-15.941001,-18.937,-1.7760001,4.012674,0,nan,0.0,4,1,10
349262276,1606917566600451,490904372,21075306,154553,200577,0.4,0.020315457,1.3970001,2.009,1.1899999,1.4499999,100,84,25.179,-17.383001,-18.215,-2.361,3.9503696,0,nan,0.0,4,1,10
349473192,1606917566800451,490904051,21074831,155006,201030,0.47800002,0.016980655,1.3950001,2.005,1.09,1.41,100,84,24.824001,-18.132,-16.956001,-2.6690001,3.893489,0,nan,0.0,4,1,12
349671298,1606917567000451,490903708,21074377,155548,201573,0.47700003,0.015995244,1.394,2.0,1.17,1.4399999,100,84,25.143002,-19.579,-15.774001,-2.6460001,3.8197718,0,nan,0.0,4,1,11
349864113,1606917567200451,490903338,21073954,155812,201836,0.503,0.014812259,1.396,2.002,1.09,1.41,100,84,25.159,-20.464,-14.637001,-1.94,3.7624779,0,nan,0.0,4,1,12
350061945,1606917567400451,490902954,21073572,156120,202144,0.42100003,0.013047557,1.393,2.003,1.09,1.41,100,84,25.461,-21.596,-13.485001,-1.6830001,3.6997802,0,nan,0.0,4,1,12
350263178,1606917567600451,490902547,21073224,156296,202321,0.53300005,0.015179651,1.396,2.0110002,1.09,1.41,100,85,25.503,-22.453001,-12.095,-1.4770001,3.6357076,0,nan,0.0,4,1,12
350466166,1606917567800451,490902137,21072898,156526,202551,0.61,0.014317284,1.4020001,2.023,1.09,1.41,100,85,25.877,-23.107,-11.649,-1.0150001,3.6085567,0,nan,0.0,4,1,12
350665591,1606917568000450,490901713,21072597,156673,202698,0.648,0.011487931,1.4050001,2.0370002,1.12,1.49,100,85,25.941002,-23.605001,-10.758,-0.60400003,3.5692072,0,nan,0.0,4,1,11
350865671,1606917568200450,490901277,21072315,156712,202737,0.55600005,0.011203268,1.406,2.049,1.09,1.41,100,85,25.937002,-23.969002,-9.911,-0.365,3.5336988,0,nan,0.0,4,1,12
351069089,1606917568400450,490900830,21072060,156682,202707,0.537,0.0120693,1.4050001,2.062,1.09,1.41,100,85,25.972002,-24.294,-9.186001,-0.052,3.5031092,0,nan,0.0,4,1,12
351263448,1606917568600450,490900382,21071831,156664,202689,0.63900006,0.01191798,1.404,2.0800002,1.09,1.41,100,86,25.886002,-24.521002,-8.294001,0.037,3.4677596,0,nan,0.0,4,1,12
351464052,1606917568800450,490899918,21071618,156594,202619,0.45700002,0.012265824,1.4020001,2.095,1.09,1.41,100,86,26.635002,-25.517002,-7.6340003,-0.19800001,3.4322896,0,nan,0.0,4,1,12
351667124,1606917569000450,490899450,21071420,156557,202582,0.531,0.008961393,1.396,2.108,1.14,1.5799999,100,86,26.609001,-25.769001,-6.6310005,-0.29700002,3.3934686,0,nan,0.0,4,1,11
351862054,1606917569200450,490898970,21071258,156474,202499,0.48200002,0.011278666,1.3920001,2.124,1.14,1.5799999,100,86,26.567001,-25.963001,-5.6330004,-0.45400003,3.3552563,0,nan,0.0,4,1,11
352066169,1606917569400450,490898484,21071121,156519,202543,0.59900004,0.012975301,1.3900001,2.144,1.09,1.41,100,86,26.961,-26.501001,-4.9560003,-0.883,3.326485,0,nan,0.0,4,1,12
352269051,1606917569600450,490898001,21071003,156784,202809,0.49300003,0.011953236,1.389,2.1560001,1.09,1.41,100,83,26.869001,-26.54,-4.189,-1.1240001,3.2981513,0,nan,0.0,4,1,12
352464305,1606917569800450,490897524,21070906,157069,203094,0.47800002,0.013249666,1.3870001,2.167,1.09,1.41,100,83,26.619001,-26.436,-3.1150002,-1.531,3.2588856,0,nan,0.0,4,1,12
352668136,1606917570000450,490897042,21070834,157499,203524,0.441,0.011813958,1.3840001,2.173,1.09,1.41,100,83,26.812002,-26.699001,-2.4540002,-1.9330001,3.233251,0,nan,0.0,4,1,12
352872338,1606917570200450,490896558,21070781,157999,204024,0.48400003,0.012524831,1.381,2.18,1.09,1.41,100,83,26.761002,-26.696001,-1.8590001,-2.0860002,3.2111027,0,nan,0.0,4,1,12
353070159,1606917570400450,490896069,21070756,158444,204469,0.47700003,0.012619427,1.3770001,2.184,1.09,1.41,100,83,26.487001,-26.475,-0.80300003,-2.335,3.1719027,0,nan,0.0,4,1,12
353269202,1606917570600450,490895582,21070768,159005,205030,0.44700003,0.012139811,1.3720001,2.187,1.09,1.41,100,81,26.404001,-26.403002,0.132,-2.3620002,3.136575,0,nan,0.0,4,1,12
353466290,1606917570800449,490895103,21070790,159603,205628,0.418,0.012199327,1.3620001,2.193,1.09,1.41,100,81,26.378002,-26.367,0.76900005,-2.571,3.1124322,0,nan,0.0,4,1,12
353666170,1606917571000449,490894621,21070833,160102,206127,0.328,0.01100779,1.34,2.1920002,1.09,1.41,100,81,25.968,-25.918001,1.623,-2.6590002,3.0790398,0,nan,0.0,4,1,12
353869073,1606917571200449,490894143,21070903,160714,206739,0.32000002,0.011032924,1.3180001,2.1910002,1.09,1.41,100,81,25.95,-25.838001,2.413,-2.523,3.0484822,0,nan,0.0,4,1,12
354068050,1606917571400449,490893670,21070994,161302,207327,0.31500003,0.011314271,1.297,2.1910002,1.09,1.41,100,81,25.721,-25.510002,3.292,-2.2340002,3.0132437,0,nan,0.0,4,1,12
354265395,1606917571600449,490893204,21071108,161528,207553,0.365,0.013180551,1.2880001,2.196,1.09,1.41,100,79,25.616001,-25.293001,4.0540004,-1.5500001,2.9826624,0,nan,0.0,4,1,12
354460112,1606917571800449,490892744,21071241,161792,207817,0.358,0.01323134,1.281,2.2010002,1.09,1.41,100,79,25.728,-25.281002,4.7780004,-0.91300005,2.9548116,0,nan,0.0,4,1,12
354664369,1606917572000449,490892278,21071396,161615,207640,0.31,0.012129514,1.266,2.193,1.09,1.41,100,79,25.635002,-24.975,5.781,-0.344,2.9141185,0,nan,0.0,4,1,12
354867331,1606917572200449,490891821,21071575,161374,207399,0.342,0.013573076,1.258,2.187,1.09,1.41,100,79,25.607,-24.753,6.557,0.279,2.8826475,0,nan,0.0,4,1,12
355066512,1606917572400449,490891370,21071765,161491,207516,0.34800002,0.014261782,1.2520001,2.1750002,1.09,1.41,100,79,25.650002,-24.514002,7.55,0.62600005,2.84281,0,nan,0.0,4,1,12
355265068,1606917572600449,490890921,21071980,161738,207763,0.39400002,0.014439457,1.2520001,2.163,1.09,1.41,100,79,25.641,-24.112001,8.724,0.69600004,2.7944455,0,nan,0.0,4,1,12
355464081,1606917572800449,490890494,21072238,161871,207896,0.467,0.020068318,1.256,2.1660001,1.12,1.49,100,79,25.709002,-23.702002,9.96,0.078,2.743787,0,nan,0.0,4,1,11
355664127,1606917573000449,490890070,21072532,161978,208003,0.43400002,0.020872217,1.261,2.1660001,1.12,1.49,100,79,25.566002,-23.095001,10.965,-0.546,2.698313,0,nan,0.0,4,1,11
355868356,1606917573200449,490889651,21072844,162580,208605,0.40600002,0.015808843,1.2650001,2.1550002,1.09,1.41,100,79,25.643002,-22.571001,12.169001,-1.4070001,2.6471186,0,nan,0.0,4,1,12
356069258,1606917573400448,490889248,21073193,163042,209067,0.36600003,0.019472811,1.2700001,2.1650002,1.09,1.41,100,79,25.391,-21.831001,12.965,-2.1220002,2.6056755,0,nan,0.0,4,1,12
356266195,1606917573600448,490888857,21073557,163827,209852,0.34100002,0.012679118,1.273,2.16,1.09,1.41,100,76,25.069,-20.902,13.840001,-2.7940001,2.5567324,0,nan,0.0,4,1,12
356472908,1606917573800448,490888482,21073945,164308,210333,0.333,0.012742299,1.274,2.151,1.09,1.41,100,76,24.718,-20.045,14.463,-3.0500002,2.5165775,0,nan,0.0,4,1,12
356667539,1606917574000448,490888145,21074368,164808,210834,0.35000002,0.011976623,1.2650001,2.134,1.09,1.41,100,76,24.436,-19.272001,15.023001,-3.1970003,2.4794552,0,nan,0.0,4,1,12
356872079,1606917574200448,490887824,21074807,165412,211438,0.379,0.01273846,1.256,2.1160002,1.09,1.41,100,76,24.166,-18.478,15.574,-3.4160001,2.4412901,0,nan,0.0,4,1,12
357064175,1606917574400448,490887512,21075253,166097,212123,0.37,0.012898855,1.2490001,2.0990002,1.09,1.41,100,76,23.822,-17.603,16.051,-3.647,2.4022806,0,nan,0.0,4,1,12
357268351,1606917574600448,490887222,21075711,166856,212881,0.31500003,0.012532162,1.228,2.069,1.09,1.41,100,79,23.859001,-17.078001,16.661001,-3.851,2.368566,0,nan,0.0,4,1,12
357471366,1606917574800448,490886955,21076193,167627,213653,0.32200003,0.0132281985,1.207,2.0110002,1.09,1.41,100,79,23.558,-16.230001,17.075,-3.801,2.3308017,0,nan,0.0,4,1,12
357671570,1606917575000448,490886687,21076675,168702,214728,0.291,0.012206483,1.1880001,1.9590001,1.09,1.41,100,79,23.504002,-15.517001,17.654001,-3.8600001,2.2918682,0,nan,0.0,4,1,12
357870486,1606917575200448,490886429,21077169,169562,215587,0.277,0.012613145,1.174,1.9130001,1.09,1.41,100,79,23.168001,-14.530001,18.046001,-3.9310002,2.2487056,0,nan,0.0,4,1,12
358065075,1606917575400448,490886184,21077672,170352,216378,0.312,0.013152102,1.167,1.8720001,1.09,1.41,100,79,23.03,-13.670001,18.534,-3.7810001,2.2062962,0,nan,0.0,4,1,12
358676054,1606917576000447,490885544,21079262,172912,218938,0.273,0.014641217,1.1520001,1.792,1.09,1.41,100,80,22.762001,-11.409,19.696001,-3.075,2.09581,0,nan,0.0,4,1,12
358866011,1606917576200447,490885352,21079812,173409,219435,0.268,0.013730329,1.1470001,1.779,1.09,1.41,100,80,22.694,-10.353001,20.195002,-2.7670002,2.0445082,0,nan,0.0,4,1,12
359065749,1606917576400447,490885173,21080366,173969,219994,0.25100002,0.012395153,1.1420001,1.7580001,1.09,1.41,100,80,22.708,-10.035001,20.37,-2.6550002,2.0285435,0,nan,0.0,4,1,12
359269049,1606917576600447,490885006,21080930,174366,220392,0.23,0.014567215,1.133,1.741,1.09,1.41,100,78,22.758001,-8.85,20.966002,-2.398,1.9702199,0,nan,0.0,4,1,12
359469077,1606917576800447,490884855,21081505,174759,220785,0.27,0.012741601,1.131,1.7240001,1.09,1.41,100,78,22.694,-8.319,21.114,-2.3500001,1.9461132,0,nan,0.0,4,1,12
359670558,1606917577000447,490884713,21082086,175145,221170,0.22900002,0.012849288,1.1240001,1.702,1.12,1.49,100,78,22.765001,-7.4430003,21.514002,-2.091,1.9038655,0,nan,0.0,4,1,11
359869080,1606917577200447,490884591,21082680,175482,221508,0.24800001,0.013774312,1.121,1.6880001,1.12,1.49,100,78,22.728,-6.6310005,21.739,-2.1190002,1.8668717,0,nan,0.0,4,1,11
360068325,1606917577400447,490884480,21083277,175930,221955,0.22800002,0.012354137,1.1170001,1.672,1.09,1.41,100,78,22.614,-5.8890004,21.834002,-2.1100001,1.8342376,0,nan,0.0,4,1,12
360269183,1606917577600447,490884382,21083867,176286,222312,0.23,0.017289406,1.108,1.667,1.12,1.49,100,78,22.409,-5.405,21.747002,-2.02,1.8143889,0,nan,0.0,4,1,11
360467345,1606917577800447,490884302,21084459,176567,222593,0.22800002,0.014117967,1.1010001,1.6600001,1.1899999,1.51,100,78,22.61,-4.3970003,22.178001,-2.089,1.7665162,0,nan,0.0,4,1,10
360672759,1606917578000447,490884240,21085043,177091,223117,0.19900002,0.013224708,1.085,1.6520001,1.09,1.41,100,78,22.589,-3.2110002,22.36,-2.2610002,1.7134107,0,nan,0.0,4,1,12
360865216,1606917578200447,490884200,21085639,177548,223574,0.291,0.024474751,1.079,1.6610001,1.12,1.49,100,78,22.382002,-2.3070002,22.263,-2.4580002,1.6740685,0,nan,0.0,4,1,11
361068113,1606917578400447,490884174,21086238,178022,224048,0.33200002,0.025848674,1.079,1.6710001,1.12,1.49,100,78,22.28,-1.432,22.234001,-2.394,1.6351243,0,nan,0.0,4,1,11
361268079,1606917578600446,490884157,21086833,178424,224450,0.31500003,0.022442663,1.0780001,1.6830001,1.12,1.49,100,73,22.150002,-0.96900004,22.129002,-2.2120001,1.6145672,0,nan,0.0,4,1,11
361466776,1606917578800446,490884153,21087431,178901,224927,0.31100002,0.02054078,1.075,1.692,1.1899999,1.51,100,73,22.19,-0.18300001,22.189001,-2.4290001,1.5790434,0,nan,0.0,4,1,10
361671342,1606917579000446,490884161,21088033,179397,225423,0.30400002,0.019592715,1.0710001,1.702,1.09,1.41,100,73,22.098001,0.55700004,22.091002,-2.4520001,1.5455961,0,nan,0.0,4,1,12
361893183,1606917579200446,490884198,21088627,180017,226043,0.282,0.017841801,1.172,1.7450001,1.14,1.4599999,100,73,22.059002,1.0710001,22.033,-2.5970001,1.5222076,0,nan,0.0,4,1,11
362074365,1606917579400446,490884240,21089223,180705,226731,0.307,0.01927751,1.159,1.756,1.14,1.4599999,100,73,22.12,1.8880001,22.039001,-2.848,1.4853474,0,nan,0.0,4,1,11
362264301,1606917579600446,490884292,21089807,181298,227323,0.279,0.017897129,1.1450001,1.764,1.09,1.41,100,77,21.949001,2.6200001,21.792002,-2.835,1.4511256,0,nan,0.0,4,1,12
362474052,1606917579800446,490884357,21090390,181964,227990,0.30200002,0.018696839,1.133,1.7750001,1.14,1.4599999,100,77,21.810001,3.4110003,21.542002,-2.9320002,1.4137557,0,nan,0.0,4,1,11
362671385,1606917580000446,490884438,21090967,182756,228782,0.286,0.017062513,1.12,1.774,1.09,1.41,100,77,21.580002,4.018,21.203001,-2.789,1.3835171,0,nan,0.0,4,1,12
362872164,1606917580200446,490884525,21091536,183382,229408,0.317,0.017553473,1.11,1.7800001,1.14,1.4599999,100,77,21.604,4.7770004,21.069,-2.913,1.3478552,0,nan,0.0,4,1,11
363070200,1606917580400446,490884623,21092106,183880,229906,0.319,0.016867036,1.102,1.7860001,1.14,1.4599999,100,77,21.527,5.5800004,20.792002,-2.7440002,1.3086169,0,nan,0.0,4,1,11
363270379,1606917580600446,490884735,21092666,184466,230492,0.328,0.016624784,1.095,1.792,1.09,1.41,100,72,21.274,6.327,20.311,-2.789,1.2688211,0,nan,0.0,4,1,12
363469142,1606917580800446,490884860,21093217,184931,230957,0.31800002,0.014639995,1.09,1.7870001,1.09,1.41,100,72,21.332,7.0780005,20.123001,-2.6390002,1.2325696,0,nan,0.0,4,1,12
363673055,1606917581000446,490885001,21093759,185532,231558,0.34500003,0.015381062,1.085,1.7880001,1.09,1.41,100,72,21.182001,7.899,19.655,-2.535,1.188675,0,nan,0.0,4,1,12
363873100,1606917581200446,490885160,21094290,186134,232160,0.41400003,0.016482016,1.085,1.7870001,1.09,1.41,100,72,21.320002,8.917001,19.365002,-2.5300002,1.1392577,0,nan,0.0,4,1,12
364075521,1606917581400445,490885330,21094813,186653,232679,0.42200002,0.017002996,1.088,1.7900001,1.09,1.41,100,72,21.111,9.598001,18.802,-2.3620002,1.0987879,0,nan,0.0,4,1,12
364271162,1606917581600445,490885511,21095321,187058,233083,0.467,0.01772504,1.0940001,1.8010001,1.14,1.5799999,100,74,21.146002,10.458,18.379002,-2.2540002,1.0534611,0,nan,0.0,4,1,11
